FinanceEnterpriseGroup,GLTransactionInterface.RunGroup,GLTransactionInterface.SequenceNumber,AccountingEntity,Status,ToAccountingEntity,AccountCode,GeneralLedgerEvent,JournalCode,TransactionDate,Reference,Description,CurrencyCode,UnitsAmount,TransactionAmount,System,AutoReverse,PostingDate,Project,FinanceDimension1,FinanceDimension3,DocumentNumber
1,10252025BLU4,1,10,0,10,100008,NL,,20251025,AMBULATORY,Cash,USD,0,457.66, ,N,20251025, ,027, , 
1,10252025BLU4,2,10,0,10,100008,NL,,20251025,AMBULATORY,Cash,USD,0,797.93, ,N,20251025, ,012, , 
1,10252025BLU4,3,10,0,10,100008,NL,,20251025,AMBULATORY,Cash,USD,0,-28.68, ,N,20251025, ,012, , 
1,10252025BLU4,4,35,0,35,100008,NL,,20251025,AMBULATORY,Cash,USD,0,3713.36, ,N,20251025, ,028, , 
1,10252025BLU4,5,35,0,35,100008,NL,,20251025,AMBULATORY,Cash,USD,0,7090.63, ,N,20251025, ,012, , 
1,10252025BLU4,6,36,0,36,100008,NL,,20251025,AMBULATORY,Cash,USD,0,30943.60, ,N,20251025, ,100, , 
1,10252025BLU4,7,36,0,36,100008,NL,,20251025,AMBULATORY,Cash,USD,0,-790.60, ,N,20251025, ,100, , 
1,10252025BLU4,8,36,0,36,100008,NL,,20251025,AMBULATORY,Cash,USD,0,10141.56, ,N,20251025, ,150, , 
1,10252025BLU4,9,36,0,36,100008,NL,,20251025,AMBULATORY,Cash,USD,0,-116.90, ,N,20251025, ,150, , 
1,10252025BLU4,10,36,0,36,100008,NL,,20251025,AMBULATORY,Cash,USD,0,3937.97, ,N,20251025, ,200, , 
1,10252025BLU4,11,36,0,36,100008,NL,,20251025,AMBULATORY,Cash,USD,0,-142.36, ,N,20251025, ,200, , 
1,10252025BLU4,12,36,0,36,100008,NL,,20251025,AMBULATORY,Cash,USD,0,-29.06, ,N,20251025, ,350, , 
1,10252025BLU4,13,41,0,41,100008,NL,,20251025,AMBULATORY,Cash,USD,0,44664.87, ,N,20251025, ,100, , 
1,10252025BLU4,14,41,0,41,100008,NL,,20251025,AMBULATORY,Cash,USD,0,-2268.94, ,N,20251025, ,100, , 
1,10252025BLU4,15,41,0,41,100008,NL,,20251025,AMBULATORY,Cash,USD,0,6124.60, ,N,20251025, ,200, , 
1,10252025BLU4,16,41,0,41,100008,NL,,20251025,AMBULATORY,Cash,USD,0,-98.85, ,N,20251025, ,200, , 
1,10252025BLU4,17,60,0,60,100008,NL,,20251025,AMBULATORY,Cash,USD,0,636.45, ,N,20251025, ,241, , 
1,10252025BLU4,18,60,0,60,100008,NL,,20251025,AMBULATORY,Cash,USD,0,1701.84, ,N,20251025, ,043, , 
1,10252025BLU4,19,70,0,70,100008,NL,,20251025,AMBULATORY,Cash,USD,0,13095.50, ,N,20251025, ,012, , 
1,10252025BLU4,20,70,0,70,100008,NL,,20251025,AMBULATORY,Cash,USD,0,-163.67, ,N,20251025, ,012, , 
1,10252025BLU4,21,70,0,70,100008,NL,,20251025,AMBULATORY,Cash,USD,0,993.38, ,N,20251025, ,016, , 
1,10252025BLU4,22,70,0,70,100008,NL,,20251025,AMBULATORY,Cash,USD,0,1672.05, ,N,20251025, ,018, , 
1,10252025BLU4,23,70,0,70,100008,NL,,20251025,AMBULATORY,Cash,USD,0,13786.05, ,N,20251025, ,027, , 
1,10252025BLU4,24,70,0,70,100008,NL,,20251025,AMBULATORY,Cash,USD,0,-389.70, ,N,20251025, ,027, , 
1,10252025BLU4,25,70,0,70,100008,NL,,20251025,AMBULATORY,Cash,USD,0,2110.41, ,N,20251025, ,028, , 
1,10252025BLU4,26,70,0,70,100008,NL,,20251025,AMBULATORY,Cash,USD,0,139.10, ,N,20251025, ,035, , 
1,10252025BLU4,27,70,0,70,100008,NL,,20251025,AMBULATORY,Cash,USD,0,-20.66, ,N,20251025, ,035, , 
1,10252025BLU4,28,70,0,70,100008,NL,,20251025,AMBULATORY,Cash,USD,0,22767.20, ,N,20251025, ,036, , 
1,10252025BLU4,29,70,0,70,100008,NL,,20251025,AMBULATORY,Cash,USD,0,4000.98, ,N,20251025, ,086, , 
1,10252025BLU4,30,70,0,70,100008,NL,,20251025,AMBULATORY,Cash,USD,0,-520.08, ,N,20251025, ,086, , 
1,10252025BLU4,31,70,0,70,100008,NL,,20251025,AMBULATORY,Cash,USD,0,13233.07, ,N,20251025, ,088, , 
1,10252025BLU4,32,70,0,70,100008,NL,,20251025,AMBULATORY,Cash,USD,0,-518.09, ,N,20251025, ,088, , 
1,10252025BLU4,33,70,0,70,100008,NL,,20251025,AMBULATORY,Cash,USD,0,373.26, ,N,20251025, ,090, , 
1,10252025BLU4,34,70,0,70,100008,NL,,20251025,AMBULATORY,Cash,USD,0,-174.35, ,N,20251025, ,090, , 
1,10252025BLU4,35,70,0,70,100008,NL,,20251025,AMBULATORY,Cash,USD,0,2518.71, ,N,20251025, ,091, , 
1,10252025BLU4,36,70,0,70,100008,NL,,20251025,AMBULATORY,Cash,USD,0,12100.67, ,N,20251025, ,093, , 
1,10252025BLU4,37,70,0,70,100008,NL,,20251025,AMBULATORY,Cash,USD,0,-136.75, ,N,20251025, ,093, , 
1,10252025BLU4,38,36,0,36,100082,NL,,20251025,AMBULATORY,Cash,USD,0,961.46, ,N,20251025, ,500, , 
1,10252025BLU4,39,36,0,36,100082,NL,,20251025,AMBULATORY,Cash,USD,0,250.00, ,N,20251025, ,520, , 
1,10252025BLU4,40,10,0,10,101010,NL,,20251025,AMBULATORY,A/R,USD,0,6556.00, ,N,20251025, ,027, , 
1,10252025BLU4,41,10,0,10,101010,NL,,20251025,AMBULATORY,A/R,USD,0,-4175.20, ,N,20251025, ,027, , 
1,10252025BLU4,42,10,0,10,101010,NL,,20251025,AMBULATORY,A/R,USD,0,10830.67, ,N,20251025, ,012, , 
1,10252025BLU4,43,10,0,10,101010,NL,,20251025,AMBULATORY,A/R,USD,0,-6812.97, ,N,20251025, ,012, , 
1,10252025BLU4,44,35,0,35,101010,NL,,20251025,AMBULATORY,A/R,USD,0,23282.14, ,N,20251025, ,028, , 
1,10252025BLU4,45,35,0,35,101010,NL,,20251025,AMBULATORY,A/R,USD,0,-7227.74, ,N,20251025, ,028, , 
1,10252025BLU4,46,35,0,35,101010,NL,,20251025,AMBULATORY,A/R,USD,0,15806.90, ,N,20251025, ,012, , 
1,10252025BLU4,47,35,0,35,101010,NL,,20251025,AMBULATORY,A/R,USD,0,-12324.01, ,N,20251025, ,012, , 
1,10252025BLU4,48,36,0,36,101010,NL,,20251025,AMBULATORY,A/R,USD,0,63195.48, ,N,20251025, ,100, , 
1,10252025BLU4,49,36,0,36,101010,NL,,20251025,AMBULATORY,A/R,USD,0,-89000.42, ,N,20251025, ,100, , 
1,10252025BLU4,50,36,0,36,101010,NL,,20251025,AMBULATORY,A/R,USD,0,11489.00, ,N,20251025, ,150, , 
1,10252025BLU4,51,36,0,36,101010,NL,,20251025,AMBULATORY,A/R,USD,0,-22516.84, ,N,20251025, ,150, , 
1,10252025BLU4,52,36,0,36,101010,NL,,20251025,AMBULATORY,A/R,USD,0,7129.68, ,N,20251025, ,200, , 
1,10252025BLU4,53,36,0,36,101010,NL,,20251025,AMBULATORY,A/R,USD,0,-7819.24, ,N,20251025, ,200, , 
1,10252025BLU4,54,36,0,36,101010,NL,,20251025,AMBULATORY,A/R,USD,0,98.00, ,N,20251025, ,350, , 
1,10252025BLU4,55,36,0,36,101010,NL,,20251025,AMBULATORY,A/R,USD,0,19049.00, ,N,20251025, ,500, , 
1,10252025BLU4,56,36,0,36,101010,NL,,20251025,AMBULATORY,A/R,USD,0,-10507.57, ,N,20251025, ,500, , 
1,10252025BLU4,57,36,0,36,101010,NL,,20251025,AMBULATORY,A/R,USD,0,2340.00, ,N,20251025, ,520, , 
1,10252025BLU4,58,36,0,36,101010,NL,,20251025,AMBULATORY,A/R,USD,0,-301.50, ,N,20251025, ,520, , 
1,10252025BLU4,59,36,0,36,101010,NL,,20251025,AMBULATORY,A/R,USD,0,16.94, ,N,20251025, ,760, , 
1,10252025BLU4,60,41,0,41,101010,NL,,20251025,AMBULATORY,A/R,USD,0,200162.21, ,N,20251025, ,100, , 
1,10252025BLU4,61,41,0,41,101010,NL,,20251025,AMBULATORY,A/R,USD,0,-141467.62, ,N,20251025, ,100, , 
1,10252025BLU4,62,41,0,41,101010,NL,,20251025,AMBULATORY,A/R,USD,0,4881.85, ,N,20251025, ,200, , 
1,10252025BLU4,63,41,0,41,101010,NL,,20251025,AMBULATORY,A/R,USD,0,-9084.45, ,N,20251025, ,200, , 
1,10252025BLU4,64,60,0,60,101010,NL,,20251025,AMBULATORY,A/R,USD,0,-1097.00, ,N,20251025, ,241, , 
1,10252025BLU4,65,60,0,60,101010,NL,,20251025,AMBULATORY,A/R,USD,0,66760.42, ,N,20251025, ,020, , 
1,10252025BLU4,66,60,0,60,101010,NL,,20251025,AMBULATORY,A/R,USD,0,-88395.15, ,N,20251025, ,020, , 
1,10252025BLU4,67,60,0,60,101010,NL,,20251025,AMBULATORY,A/R,USD,0,12071.05, ,N,20251025, ,021, , 
1,10252025BLU4,68,60,0,60,101010,NL,,20251025,AMBULATORY,A/R,USD,0,-16482.95, ,N,20251025, ,021, , 
1,10252025BLU4,69,60,0,60,101010,NL,,20251025,AMBULATORY,A/R,USD,0,10757.12, ,N,20251025, ,023, , 
1,10252025BLU4,70,60,0,60,101010,NL,,20251025,AMBULATORY,A/R,USD,0,-13216.81, ,N,20251025, ,023, , 
1,10252025BLU4,71,60,0,60,101010,NL,,20251025,AMBULATORY,A/R,USD,0,4971.20, ,N,20251025, ,043, , 
1,10252025BLU4,72,60,0,60,101010,NL,,20251025,AMBULATORY,A/R,USD,0,-3531.98, ,N,20251025, ,043, , 
1,10252025BLU4,73,70,0,70,101010,NL,,20251025,AMBULATORY,A/R,USD,0,20180.18, ,N,20251025, ,012, , 
1,10252025BLU4,74,70,0,70,101010,NL,,20251025,AMBULATORY,A/R,USD,0,-26043.14, ,N,20251025, ,012, , 
1,10252025BLU4,75,70,0,70,101010,NL,,20251025,AMBULATORY,A/R,USD,0,8487.00, ,N,20251025, ,016, , 
1,10252025BLU4,76,70,0,70,101010,NL,,20251025,AMBULATORY,A/R,USD,0,-3888.98, ,N,20251025, ,016, , 
1,10252025BLU4,77,70,0,70,101010,NL,,20251025,AMBULATORY,A/R,USD,0,20595.83, ,N,20251025, ,018, , 
1,10252025BLU4,78,70,0,70,101010,NL,,20251025,AMBULATORY,A/R,USD,0,-10733.68, ,N,20251025, ,018, , 
1,10252025BLU4,79,70,0,70,101010,NL,,20251025,AMBULATORY,A/R,USD,0,11760.81, ,N,20251025, ,019, , 
1,10252025BLU4,80,70,0,70,101010,NL,,20251025,AMBULATORY,A/R,USD,0,-11015.36, ,N,20251025, ,019, , 
1,10252025BLU4,81,70,0,70,101010,NL,,20251025,AMBULATORY,A/R,USD,0,45004.00, ,N,20251025, ,027, , 
1,10252025BLU4,82,70,0,70,101010,NL,,20251025,AMBULATORY,A/R,USD,0,-40134.64, ,N,20251025, ,027, , 
1,10252025BLU4,83,70,0,70,101010,NL,,20251025,AMBULATORY,A/R,USD,0,3924.35, ,N,20251025, ,028, , 
1,10252025BLU4,84,70,0,70,101010,NL,,20251025,AMBULATORY,A/R,USD,0,-7661.06, ,N,20251025, ,028, , 
1,10252025BLU4,85,70,0,70,101010,NL,,20251025,AMBULATORY,A/R,USD,0,6819.66, ,N,20251025, ,035, , 
1,10252025BLU4,86,70,0,70,101010,NL,,20251025,AMBULATORY,A/R,USD,0,-3973.12, ,N,20251025, ,035, , 
1,10252025BLU4,87,70,0,70,101010,NL,,20251025,AMBULATORY,A/R,USD,0,11292.00, ,N,20251025, ,036, , 
1,10252025BLU4,88,70,0,70,101010,NL,,20251025,AMBULATORY,A/R,USD,0,-40234.44, ,N,20251025, ,036, , 
1,10252025BLU4,89,70,0,70,101010,NL,,20251025,AMBULATORY,A/R,USD,0,12138.00, ,N,20251025, ,047, , 
1,10252025BLU4,90,70,0,70,101010,NL,,20251025,AMBULATORY,A/R,USD,0,-11638.71, ,N,20251025, ,047, , 
1,10252025BLU4,91,70,0,70,101010,NL,,20251025,AMBULATORY,A/R,USD,0,10722.34, ,N,20251025, ,051, , 
1,10252025BLU4,92,70,0,70,101010,NL,,20251025,AMBULATORY,A/R,USD,0,-17464.88, ,N,20251025, ,051, , 
1,10252025BLU4,93,70,0,70,101010,NL,,20251025,AMBULATORY,A/R,USD,0,3017.08, ,N,20251025, ,086, , 
1,10252025BLU4,94,70,0,70,101010,NL,,20251025,AMBULATORY,A/R,USD,0,-7356.32, ,N,20251025, ,086, , 
1,10252025BLU4,95,70,0,70,101010,NL,,20251025,AMBULATORY,A/R,USD,0,22901.39, ,N,20251025, ,088, , 
1,10252025BLU4,96,70,0,70,101010,NL,,20251025,AMBULATORY,A/R,USD,0,-33383.94, ,N,20251025, ,088, , 
1,10252025BLU4,97,70,0,70,101010,NL,,20251025,AMBULATORY,A/R,USD,0,270.02, ,N,20251025, ,090, , 
1,10252025BLU4,98,70,0,70,101010,NL,,20251025,AMBULATORY,A/R,USD,0,-648.83, ,N,20251025, ,090, , 
1,10252025BLU4,99,70,0,70,101010,NL,,20251025,AMBULATORY,A/R,USD,0,-3554.71, ,N,20251025, ,091, , 
1,10252025BLU4,100,70,0,70,101010,NL,,20251025,AMBULATORY,A/R,USD,0,28209.67, ,N,20251025, ,093, , 
1,10252025BLU4,101,70,0,70,101010,NL,,20251025,AMBULATORY,A/R,USD,0,-36036.97, ,N,20251025, ,093, , 
1,10252025BLU4,102,60,0,60,101194,NL,,20251025,AMBULATORY,A/R,USD,0,304.18, ,N,20251025, ,000, , 
1,10252025BLU4,103,60,0,60,101194,NL,,20251025,AMBULATORY,A/R,USD,0,-1728.14, ,N,20251025, ,000, , 
1,10252025BLU4,104,60,0,60,101196,NL,,20251025,AMBULATORY,A/R,USD,0,335.34, ,N,20251025, ,000, , 
1,10252025BLU4,105,60,0,60,101196,NL,,20251025,AMBULATORY,A/R,USD,0,-507.39, ,N,20251025, ,000, , 
1,10252025BLU4,106,60,0,60,101202,NL,,20251025,AMBULATORY,A/R,USD,0,33495.56, ,N,20251025, ,000, , 
1,10252025BLU4,107,60,0,60,101202,NL,,20251025,AMBULATORY,A/R,USD,0,-37134.47, ,N,20251025, ,000, , 
1,10252025BLU4,108,60,0,60,101203,NL,,20251025,AMBULATORY,A/R,USD,0,24003.92, ,N,20251025, ,000, , 
1,10252025BLU4,109,60,0,60,101203,NL,,20251025,AMBULATORY,A/R,USD,0,-33342.74, ,N,20251025, ,000, , 
1,10252025BLU4,110,60,0,60,101204,NL,,20251025,AMBULATORY,A/R,USD,0,21456.07, ,N,20251025, ,000, , 
1,10252025BLU4,111,60,0,60,101204,NL,,20251025,AMBULATORY,A/R,USD,0,-14414.26, ,N,20251025, ,000, , 
1,10252025BLU4,112,60,0,60,101207,NL,,20251025,AMBULATORY,A/R,USD,0,3331.00, ,N,20251025, ,000, , 
1,10252025BLU4,113,60,0,60,101208,NL,,20251025,AMBULATORY,A/R,USD,0,3596.00, ,N,20251025, ,000, , 
1,10252025BLU4,114,60,0,60,101208,NL,,20251025,AMBULATORY,A/R,USD,0,-7081.95, ,N,20251025, ,000, , 
1,10252025BLU4,115,60,0,60,101942,NL,,20251025,AMBULATORY,Cash,USD,0,2194.28, ,N,20251025, ,000, , 
1,10252025BLU4,116,60,0,60,101945,NL,,20251025,AMBULATORY,Cash,USD,0,47253.11, ,N,20251025, ,000, , 
1,10252025BLU4,117,60,0,60,101945,NL,,20251025,AMBULATORY,Cash,USD,0,-806.59, ,N,20251025, ,000, , 
1,10252025BLU4,118,60,0,60,101945,NL,,20251025,AMBULATORY,Cash,USD,0,35129.23, ,N,20251025, ,020, , 
1,10252025BLU4,119,60,0,60,101945,NL,,20251025,AMBULATORY,Cash,USD,0,-35.26, ,N,20251025, ,020, , 
1,10252025BLU4,120,60,0,60,101945,NL,,20251025,AMBULATORY,Cash,USD,0,9057.58, ,N,20251025, ,021, , 
1,10252025BLU4,121,60,0,60,101945,NL,,20251025,AMBULATORY,Cash,USD,0,6147.05, ,N,20251025, ,023, , 
1,10252025BLU4,122,10,0,10,103976,NL,,20251025,AMBULATORY,A/R,USD,0,-407.00, ,N,20251025, ,000, , 
1,10252025BLU4,123,36,0,36,300997,NL,,20251025,AMBULATORY,Contra Revenue,USD,0,-95.00, ,N,20251025, ,100, , 
1,10252025BLU4,124,36,0,36,300997,NL,,20251025,AMBULATORY,Cash,USD,0,14340.17, ,N,20251025, ,555, , 
1,10252025BLU4,125,36,0,36,300997,NL,,20251025,AMBULATORY,Cash,USD,0,-700.79, ,N,20251025, ,555, , 
1,10252025BLU4,126,36,0,36,300997,NL,,20251025,AMBULATORY,A/R,USD,0,80.18, ,N,20251025, ,555, , 
1,10252025BLU4,127,36,0,36,300997,NL,,20251025,AMBULATORY,Contra Revenue,USD,0,-54.81, ,N,20251025, ,555, , 
1,10252025BLU4,128,36,0,36,300997,NL,,20251025,AMBULATORY,Contra Revenue,USD,0,-16.94, ,N,20251025, ,760, , 
1,10252025BLU4,129,41,0,41,300997,NL,,20251025,AMBULATORY,Cash,USD,0,188.16, ,N,20251025, ,010, , 
1,10252025BLU4,130,41,0,41,300997,NL,,20251025,AMBULATORY,A/R,USD,0,188.00, ,N,20251025, ,100, , 
1,10252025BLU4,131,41,0,41,300997,NL,,20251025,AMBULATORY,A/R,USD,0,-514.00, ,N,20251025, ,100, , 
1,10252025BLU4,132,60,0,60,300997,NL,,20251025,AMBULATORY,Cash,USD,0,31899.62, ,N,20251025, ,999, , 
1,10252025BLU4,133,60,0,60,300997,NL,,20251025,AMBULATORY,A/R,USD,0,53714.77, ,N,20251025, ,999, , 
1,10252025BLU4,134,60,0,60,300997,NL,,20251025,AMBULATORY,A/R,USD,0,-74233.63, ,N,20251025, ,999, , 
1,10252025BLU4,135,60,0,60,300997,NL,,20251025,AMBULATORY,Contra Revenue,USD,0,-44.85, ,N,20251025, ,020, , 
1,10252025BLU4,136,60,0,60,300997,NL,,20251025,AMBULATORY,Contra Revenue,USD,0,-38.98, ,N,20251025, ,043, , 
1,10252025BLU4,137,70,0,70,300997,NL,,20251025,AMBULATORY,Contra Revenue,USD,0,14.05, ,N,20251025, ,012, , 
1,10252025BLU4,138,70,0,70,300997,NL,,20251025,AMBULATORY,A/R,USD,0,-25.00, ,N,20251025, ,019, , 
1,10252025BLU4,139,70,0,70,300997,NL,,20251025,AMBULATORY,Contra Revenue,USD,0,107.86, ,N,20251025, ,036, , 
1,10252025BLU4,140,70,0,70,300997,NL,,20251025,AMBULATORY,Contra Revenue,USD,0,24.56, ,N,20251025, ,086, , 
1,10252025BLU4,141,70,0,70,300997,NL,,20251025,AMBULATORY,Contra Revenue,USD,0,1.59, ,N,20251025, ,088, , 
1,10252025BLU4,142,70,0,70,300997,NL,,20251025,AMBULATORY,Contra Revenue,USD,0,5.26, ,N,20251025, ,091, , 
1,10252025BLU4,143,70,0,70,300997,NL,,20251025,AMBULATORY,A/R,USD,0,25066.00, ,N,20251025, ,500, , 
1,10252025BLU4,144,70,0,70,300997,NL,,20251025,AMBULATORY,A/R,USD,0,-27006.80, ,N,20251025, ,500, , 
1,10252025BLU4,145,60,0,60,410115,NL,,20251025,AMBULATORY,Revenue,USD,0,-899.00, ,N,20251025, ,102, , 
1,10252025BLU4,146,60,0,60,410125,NL,,20251025,AMBULATORY,Revenue,USD,0,-151.00, ,N,20251025, ,102, , 
1,10252025BLU4,147,60,0,60,410195,NL,,20251025,AMBULATORY,Revenue,USD,0,-105.00, ,N,20251025, ,102, , 
1,10252025BLU4,148,10,0,10,410210,NL,,20251025,AMBULATORY,Revenue,USD,0,498.00, ,N,20251025, ,027, , 
1,10252025BLU4,149,10,0,10,410210,NL,,20251025,AMBULATORY,Revenue,USD,0,-498.00, ,N,20251025, ,027, , 
1,10252025BLU4,150,10,0,10,410210,NL,,20251025,AMBULATORY,Revenue,USD,0,534.00, ,N,20251025, ,012, , 
1,10252025BLU4,151,10,0,10,410210,NL,,20251025,AMBULATORY,Revenue,USD,0,-923.00, ,N,20251025, ,012, , 
1,10252025BLU4,152,35,0,35,410210,NL,,20251025,AMBULATORY,Revenue,USD,0,-375.00, ,N,20251025, ,028, , 
1,10252025BLU4,153,36,0,36,410210,NL,,20251025,AMBULATORY,Revenue,USD,0,3267.00, ,N,20251025, ,100, , 
1,10252025BLU4,154,36,0,36,410210,NL,,20251025,AMBULATORY,Revenue,USD,0,-7418.00, ,N,20251025, ,100, , 
1,10252025BLU4,155,36,0,36,410210,NL,,20251025,AMBULATORY,Revenue,USD,0,3.00, ,N,20251025, ,150, , 
1,10252025BLU4,156,36,0,36,410210,NL,,20251025,AMBULATORY,Revenue,USD,0,-3.00, ,N,20251025, ,150, , 
1,10252025BLU4,157,36,0,36,410210,NL,,20251025,AMBULATORY,Revenue,USD,0,575.00, ,N,20251025, ,200, , 
1,10252025BLU4,158,36,0,36,410210,NL,,20251025,AMBULATORY,Revenue,USD,0,-1502.00, ,N,20251025, ,200, , 
1,10252025BLU4,159,36,0,36,410210,NL,,20251025,AMBULATORY,Revenue,USD,0,969.00, ,N,20251025, ,500, , 
1,10252025BLU4,160,36,0,36,410210,NL,,20251025,AMBULATORY,Revenue,USD,0,-1631.00, ,N,20251025, ,500, , 
1,10252025BLU4,161,36,0,36,410210,NL,,20251025,AMBULATORY,Revenue,USD,0,-244.00, ,N,20251025, ,520, , 
1,10252025BLU4,162,36,0,36,410210,NL,,20251025,AMBULATORY,Revenue,USD,0,2237.00, ,N,20251025, ,555, , 
1,10252025BLU4,163,36,0,36,410210,NL,,20251025,AMBULATORY,Revenue,USD,0,-3799.00, ,N,20251025, ,555, , 
1,10252025BLU4,164,41,0,41,410210,NL,,20251025,AMBULATORY,Revenue,USD,0,2637.00, ,N,20251025, ,100, , 
1,10252025BLU4,165,41,0,41,410210,NL,,20251025,AMBULATORY,Revenue,USD,0,-14846.00, ,N,20251025, ,100, , 
1,10252025BLU4,166,60,0,60,410210,NL,,20251025,AMBULATORY,Revenue,USD,0,708.00, ,N,20251025, ,999, , 
1,10252025BLU4,167,60,0,60,410210,NL,,20251025,AMBULATORY,Revenue,USD,0,-3063.00, ,N,20251025, ,999, , 
1,10252025BLU4,168,60,0,60,410210,NL,,20251025,AMBULATORY,Revenue,USD,0,586.00, ,N,20251025, ,020, , 
1,10252025BLU4,169,60,0,60,410210,NL,,20251025,AMBULATORY,Revenue,USD,0,-1500.00, ,N,20251025, ,020, , 
1,10252025BLU4,170,60,0,60,410210,NL,,20251025,AMBULATORY,Revenue,USD,0,133.00, ,N,20251025, ,021, , 
1,10252025BLU4,171,60,0,60,410210,NL,,20251025,AMBULATORY,Revenue,USD,0,-332.00, ,N,20251025, ,021, , 
1,10252025BLU4,172,60,0,60,410210,NL,,20251025,AMBULATORY,Revenue,USD,0,199.00, ,N,20251025, ,023, , 
1,10252025BLU4,173,60,0,60,410210,NL,,20251025,AMBULATORY,Revenue,USD,0,-199.00, ,N,20251025, ,023, , 
1,10252025BLU4,174,60,0,60,410210,NL,,20251025,AMBULATORY,Revenue,USD,0,-531.00, ,N,20251025, ,040, , 
1,10252025BLU4,175,60,0,60,410210,NL,,20251025,AMBULATORY,Revenue,USD,0,622.00, ,N,20251025, ,041, , 
1,10252025BLU4,176,60,0,60,410210,NL,,20251025,AMBULATORY,Revenue,USD,0,-3483.00, ,N,20251025, ,041, , 
1,10252025BLU4,177,60,0,60,410210,NL,,20251025,AMBULATORY,Revenue,USD,0,-1976.00, ,N,20251025, ,042, , 
1,10252025BLU4,178,70,0,70,410210,NL,,20251025,AMBULATORY,Revenue,USD,0,686.00, ,N,20251025, ,012, , 
1,10252025BLU4,179,70,0,70,410210,NL,,20251025,AMBULATORY,Revenue,USD,0,-2410.00, ,N,20251025, ,012, , 
1,10252025BLU4,180,70,0,70,410210,NL,,20251025,AMBULATORY,Revenue,USD,0,-730.00, ,N,20251025, ,016, , 
1,10252025BLU4,181,70,0,70,410210,NL,,20251025,AMBULATORY,Revenue,USD,0,879.00, ,N,20251025, ,027, , 
1,10252025BLU4,182,70,0,70,410210,NL,,20251025,AMBULATORY,Revenue,USD,0,-3582.00, ,N,20251025, ,027, , 
1,10252025BLU4,183,70,0,70,410210,NL,,20251025,AMBULATORY,Revenue,USD,0,576.00, ,N,20251025, ,028, , 
1,10252025BLU4,184,70,0,70,410210,NL,,20251025,AMBULATORY,Revenue,USD,0,-576.00, ,N,20251025, ,028, , 
1,10252025BLU4,185,70,0,70,410210,NL,,20251025,AMBULATORY,Revenue,USD,0,245.00, ,N,20251025, ,035, , 
1,10252025BLU4,186,70,0,70,410210,NL,,20251025,AMBULATORY,Revenue,USD,0,-344.00, ,N,20251025, ,035, , 
1,10252025BLU4,187,70,0,70,410210,NL,,20251025,AMBULATORY,Revenue,USD,0,-676.00, ,N,20251025, ,036, , 
1,10252025BLU4,188,70,0,70,410210,NL,,20251025,AMBULATORY,Revenue,USD,0,9750.00, ,N,20251025, ,088, , 
1,10252025BLU4,189,70,0,70,410210,NL,,20251025,AMBULATORY,Revenue,USD,0,-10756.00, ,N,20251025, ,088, , 
1,10252025BLU4,190,70,0,70,410210,NL,,20251025,AMBULATORY,Revenue,USD,0,2002.00, ,N,20251025, ,093, , 
1,10252025BLU4,191,70,0,70,410210,NL,,20251025,AMBULATORY,Revenue,USD,0,-2935.00, ,N,20251025, ,093, , 
1,10252025BLU4,192,70,0,70,410210,NL,,20251025,AMBULATORY,Revenue,USD,0,2475.00, ,N,20251025, ,500, , 
1,10252025BLU4,193,70,0,70,410210,NL,,20251025,AMBULATORY,Revenue,USD,0,-3500.00, ,N,20251025, ,500, , 
1,10252025BLU4,194,10,0,10,410215,NL,,20251025,AMBULATORY,Revenue,USD,0,1437.00, ,N,20251025, ,027, , 
1,10252025BLU4,195,10,0,10,410215,NL,,20251025,AMBULATORY,Revenue,USD,0,-2343.00, ,N,20251025, ,027, , 
1,10252025BLU4,196,10,0,10,410215,NL,,20251025,AMBULATORY,Revenue,USD,0,3676.00, ,N,20251025, ,012, , 
1,10252025BLU4,197,10,0,10,410215,NL,,20251025,AMBULATORY,Revenue,USD,0,-5944.00, ,N,20251025, ,012, , 
1,10252025BLU4,198,35,0,35,410215,NL,,20251025,AMBULATORY,Revenue,USD,0,862.00, ,N,20251025, ,028, , 
1,10252025BLU4,199,35,0,35,410215,NL,,20251025,AMBULATORY,Revenue,USD,0,-7349.00, ,N,20251025, ,028, , 
1,10252025BLU4,200,35,0,35,410215,NL,,20251025,AMBULATORY,Revenue,USD,0,244.00, ,N,20251025, ,012, , 
1,10252025BLU4,201,35,0,35,410215,NL,,20251025,AMBULATORY,Revenue,USD,0,-5030.00, ,N,20251025, ,012, , 
1,10252025BLU4,202,36,0,36,410215,NL,,20251025,AMBULATORY,Revenue,USD,0,20122.00, ,N,20251025, ,100, , 
1,10252025BLU4,203,36,0,36,410215,NL,,20251025,AMBULATORY,Revenue,USD,0,-30080.00, ,N,20251025, ,100, , 
1,10252025BLU4,204,36,0,36,410215,NL,,20251025,AMBULATORY,Revenue,USD,0,1818.00, ,N,20251025, ,150, , 
1,10252025BLU4,205,36,0,36,410215,NL,,20251025,AMBULATORY,Revenue,USD,0,-3997.00, ,N,20251025, ,150, , 
1,10252025BLU4,206,36,0,36,410215,NL,,20251025,AMBULATORY,Revenue,USD,0,683.00, ,N,20251025, ,200, , 
1,10252025BLU4,207,36,0,36,410215,NL,,20251025,AMBULATORY,Revenue,USD,0,-3584.00, ,N,20251025, ,200, , 
1,10252025BLU4,208,36,0,36,410215,NL,,20251025,AMBULATORY,Revenue,USD,0,5103.00, ,N,20251025, ,500, , 
1,10252025BLU4,209,36,0,36,410215,NL,,20251025,AMBULATORY,Revenue,USD,0,-10286.00, ,N,20251025, ,500, , 
1,10252025BLU4,210,36,0,36,410215,NL,,20251025,AMBULATORY,Revenue,USD,0,-1361.00, ,N,20251025, ,520, , 
1,10252025BLU4,211,36,0,36,410215,NL,,20251025,AMBULATORY,Revenue,USD,0,11035.00, ,N,20251025, ,555, , 
1,10252025BLU4,212,36,0,36,410215,NL,,20251025,AMBULATORY,Revenue,USD,0,-20521.00, ,N,20251025, ,555, , 
1,10252025BLU4,213,41,0,41,410215,NL,,20251025,AMBULATORY,Revenue,USD,0,31562.00, ,N,20251025, ,100, , 
1,10252025BLU4,214,41,0,41,410215,NL,,20251025,AMBULATORY,Revenue,USD,0,-101495.00, ,N,20251025, ,100, , 
1,10252025BLU4,215,41,0,41,410215,NL,,20251025,AMBULATORY,Revenue,USD,0,105.00, ,N,20251025, ,200, , 
1,10252025BLU4,216,41,0,41,410215,NL,,20251025,AMBULATORY,Revenue,USD,0,-712.00, ,N,20251025, ,200, , 
1,10252025BLU4,217,60,0,60,410215,NL,,20251025,AMBULATORY,Revenue,USD,0,1623.00, ,N,20251025, ,102, , 
1,10252025BLU4,218,60,0,60,410215,NL,,20251025,AMBULATORY,Revenue,USD,0,-1116.00, ,N,20251025, ,102, , 
1,10252025BLU4,219,60,0,60,410215,NL,,20251025,AMBULATORY,Revenue,USD,0,-164.00, ,N,20251025, ,242, , 
1,10252025BLU4,220,60,0,60,410215,NL,,20251025,AMBULATORY,Revenue,USD,0,14741.00, ,N,20251025, ,999, , 
1,10252025BLU4,221,60,0,60,410215,NL,,20251025,AMBULATORY,Revenue,USD,0,-24025.00, ,N,20251025, ,999, , 
1,10252025BLU4,222,60,0,60,410215,NL,,20251025,AMBULATORY,Revenue,USD,0,10581.00, ,N,20251025, ,020, , 
1,10252025BLU4,223,60,0,60,410215,NL,,20251025,AMBULATORY,Revenue,USD,0,-20835.00, ,N,20251025, ,020, , 
1,10252025BLU4,224,60,0,60,410215,NL,,20251025,AMBULATORY,Revenue,USD,0,188.00, ,N,20251025, ,021, , 
1,10252025BLU4,225,60,0,60,410215,NL,,20251025,AMBULATORY,Revenue,USD,0,-3270.00, ,N,20251025, ,021, , 
1,10252025BLU4,226,60,0,60,410215,NL,,20251025,AMBULATORY,Revenue,USD,0,1012.00, ,N,20251025, ,023, , 
1,10252025BLU4,227,60,0,60,410215,NL,,20251025,AMBULATORY,Revenue,USD,0,-3723.00, ,N,20251025, ,023, , 
1,10252025BLU4,228,60,0,60,410215,NL,,20251025,AMBULATORY,Revenue,USD,0,395.00, ,N,20251025, ,040, , 
1,10252025BLU4,229,60,0,60,410215,NL,,20251025,AMBULATORY,Revenue,USD,0,-7262.00, ,N,20251025, ,040, , 
1,10252025BLU4,230,60,0,60,410215,NL,,20251025,AMBULATORY,Revenue,USD,0,6615.00, ,N,20251025, ,041, , 
1,10252025BLU4,231,60,0,60,410215,NL,,20251025,AMBULATORY,Revenue,USD,0,-9775.00, ,N,20251025, ,041, , 
1,10252025BLU4,232,60,0,60,410215,NL,,20251025,AMBULATORY,Revenue,USD,0,301.00, ,N,20251025, ,042, , 
1,10252025BLU4,233,60,0,60,410215,NL,,20251025,AMBULATORY,Revenue,USD,0,-7861.00, ,N,20251025, ,042, , 
1,10252025BLU4,234,60,0,60,410215,NL,,20251025,AMBULATORY,Revenue,USD,0,21.00, ,N,20251025, ,043, , 
1,10252025BLU4,235,60,0,60,410215,NL,,20251025,AMBULATORY,Revenue,USD,0,-1651.00, ,N,20251025, ,043, , 
1,10252025BLU4,236,70,0,70,410215,NL,,20251025,AMBULATORY,Revenue,USD,0,1801.00, ,N,20251025, ,012, , 
1,10252025BLU4,237,70,0,70,410215,NL,,20251025,AMBULATORY,Revenue,USD,0,-5864.00, ,N,20251025, ,012, , 
1,10252025BLU4,238,70,0,70,410215,NL,,20251025,AMBULATORY,Revenue,USD,0,391.00, ,N,20251025, ,016, , 
1,10252025BLU4,239,70,0,70,410215,NL,,20251025,AMBULATORY,Revenue,USD,0,-2642.00, ,N,20251025, ,016, , 
1,10252025BLU4,240,70,0,70,410215,NL,,20251025,AMBULATORY,Revenue,USD,0,1990.00, ,N,20251025, ,018, , 
1,10252025BLU4,241,70,0,70,410215,NL,,20251025,AMBULATORY,Revenue,USD,0,-4068.00, ,N,20251025, ,018, , 
1,10252025BLU4,242,70,0,70,410215,NL,,20251025,AMBULATORY,Revenue,USD,0,5768.00, ,N,20251025, ,027, , 
1,10252025BLU4,243,70,0,70,410215,NL,,20251025,AMBULATORY,Revenue,USD,0,-18643.00, ,N,20251025, ,027, , 
1,10252025BLU4,244,70,0,70,410215,NL,,20251025,AMBULATORY,Revenue,USD,0,2677.00, ,N,20251025, ,028, , 
1,10252025BLU4,245,70,0,70,410215,NL,,20251025,AMBULATORY,Revenue,USD,0,-2733.00, ,N,20251025, ,028, , 
1,10252025BLU4,246,70,0,70,410215,NL,,20251025,AMBULATORY,Revenue,USD,0,1013.00, ,N,20251025, ,035, , 
1,10252025BLU4,247,70,0,70,410215,NL,,20251025,AMBULATORY,Revenue,USD,0,-1385.00, ,N,20251025, ,035, , 
1,10252025BLU4,248,70,0,70,410215,NL,,20251025,AMBULATORY,Revenue,USD,0,1681.00, ,N,20251025, ,036, , 
1,10252025BLU4,249,70,0,70,410215,NL,,20251025,AMBULATORY,Revenue,USD,0,-2662.00, ,N,20251025, ,036, , 
1,10252025BLU4,250,70,0,70,410215,NL,,20251025,AMBULATORY,Revenue,USD,0,615.00, ,N,20251025, ,086, , 
1,10252025BLU4,251,70,0,70,410215,NL,,20251025,AMBULATORY,Revenue,USD,0,-1011.00, ,N,20251025, ,086, , 
1,10252025BLU4,252,70,0,70,410215,NL,,20251025,AMBULATORY,Revenue,USD,0,3088.00, ,N,20251025, ,088, , 
1,10252025BLU4,253,70,0,70,410215,NL,,20251025,AMBULATORY,Revenue,USD,0,-7264.00, ,N,20251025, ,088, , 
1,10252025BLU4,254,70,0,70,410215,NL,,20251025,AMBULATORY,Revenue,USD,0,7513.00, ,N,20251025, ,093, , 
1,10252025BLU4,255,70,0,70,410215,NL,,20251025,AMBULATORY,Revenue,USD,0,-13765.00, ,N,20251025, ,093, , 
1,10252025BLU4,256,70,0,70,410215,NL,,20251025,AMBULATORY,Revenue,USD,0,5388.00, ,N,20251025, ,500, , 
1,10252025BLU4,257,70,0,70,410215,NL,,20251025,AMBULATORY,Revenue,USD,0,-15064.00, ,N,20251025, ,500, , 
1,10252025BLU4,258,10,0,10,410225,NL,,20251025,AMBULATORY,Revenue,USD,0,300.00, ,N,20251025, ,027, , 
1,10252025BLU4,259,10,0,10,410225,NL,,20251025,AMBULATORY,Revenue,USD,0,-735.00, ,N,20251025, ,027, , 
1,10252025BLU4,260,10,0,10,410225,NL,,20251025,AMBULATORY,Revenue,USD,0,99.00, ,N,20251025, ,012, , 
1,10252025BLU4,261,10,0,10,410225,NL,,20251025,AMBULATORY,Revenue,USD,0,-540.00, ,N,20251025, ,012, , 
1,10252025BLU4,262,35,0,35,410225,NL,,20251025,AMBULATORY,Revenue,USD,0,188.00, ,N,20251025, ,028, , 
1,10252025BLU4,263,35,0,35,410225,NL,,20251025,AMBULATORY,Revenue,USD,0,-2515.00, ,N,20251025, ,028, , 
1,10252025BLU4,264,36,0,36,410225,NL,,20251025,AMBULATORY,Revenue,USD,0,710.00, ,N,20251025, ,100, , 
1,10252025BLU4,265,36,0,36,410225,NL,,20251025,AMBULATORY,Revenue,USD,0,-1731.00, ,N,20251025, ,100, , 
1,10252025BLU4,266,36,0,36,410225,NL,,20251025,AMBULATORY,Revenue,USD,0,185.00, ,N,20251025, ,150, , 
1,10252025BLU4,267,36,0,36,410225,NL,,20251025,AMBULATORY,Revenue,USD,0,-790.00, ,N,20251025, ,150, , 
1,10252025BLU4,268,36,0,36,410225,NL,,20251025,AMBULATORY,Revenue,USD,0,-188.00, ,N,20251025, ,200, , 
1,10252025BLU4,269,36,0,36,410225,NL,,20251025,AMBULATORY,Revenue,USD,0,145.00, ,N,20251025, ,500, , 
1,10252025BLU4,270,36,0,36,410225,NL,,20251025,AMBULATORY,Revenue,USD,0,-534.00, ,N,20251025, ,500, , 
1,10252025BLU4,271,36,0,36,410225,NL,,20251025,AMBULATORY,Revenue,USD,0,326.00, ,N,20251025, ,555, , 
1,10252025BLU4,272,36,0,36,410225,NL,,20251025,AMBULATORY,Revenue,USD,0,-685.00, ,N,20251025, ,555, , 
1,10252025BLU4,273,41,0,41,410225,NL,,20251025,AMBULATORY,Revenue,USD,0,12737.00, ,N,20251025, ,100, , 
1,10252025BLU4,274,41,0,41,410225,NL,,20251025,AMBULATORY,Revenue,USD,0,-20391.00, ,N,20251025, ,100, , 
1,10252025BLU4,275,60,0,60,410225,NL,,20251025,AMBULATORY,Revenue,USD,0,-895.00, ,N,20251025, ,242, , 
1,10252025BLU4,276,60,0,60,410225,NL,,20251025,AMBULATORY,Revenue,USD,0,3832.00, ,N,20251025, ,999, , 
1,10252025BLU4,277,60,0,60,410225,NL,,20251025,AMBULATORY,Revenue,USD,0,-4920.00, ,N,20251025, ,999, , 
1,10252025BLU4,278,60,0,60,410225,NL,,20251025,AMBULATORY,Revenue,USD,0,2234.25, ,N,20251025, ,020, , 
1,10252025BLU4,279,60,0,60,410225,NL,,20251025,AMBULATORY,Revenue,USD,0,-3879.25, ,N,20251025, ,020, , 
1,10252025BLU4,280,60,0,60,410225,NL,,20251025,AMBULATORY,Revenue,USD,0,564.00, ,N,20251025, ,021, , 
1,10252025BLU4,281,60,0,60,410225,NL,,20251025,AMBULATORY,Revenue,USD,0,-593.00, ,N,20251025, ,021, , 
1,10252025BLU4,282,60,0,60,410225,NL,,20251025,AMBULATORY,Revenue,USD,0,-5.00, ,N,20251025, ,023, , 
1,10252025BLU4,283,60,0,60,410225,NL,,20251025,AMBULATORY,Revenue,USD,0,3507.00, ,N,20251025, ,040, , 
1,10252025BLU4,284,60,0,60,410225,NL,,20251025,AMBULATORY,Revenue,USD,0,-4030.00, ,N,20251025, ,040, , 
1,10252025BLU4,285,60,0,60,410225,NL,,20251025,AMBULATORY,Revenue,USD,0,-251.00, ,N,20251025, ,041, , 
1,10252025BLU4,286,60,0,60,410225,NL,,20251025,AMBULATORY,Revenue,USD,0,-488.00, ,N,20251025, ,042, , 
1,10252025BLU4,287,60,0,60,410225,NL,,20251025,AMBULATORY,Revenue,USD,0,302.00, ,N,20251025, ,043, , 
1,10252025BLU4,288,60,0,60,410225,NL,,20251025,AMBULATORY,Revenue,USD,0,-324.00, ,N,20251025, ,043, , 
1,10252025BLU4,289,70,0,70,410225,NL,,20251025,AMBULATORY,Revenue,USD,0,-1600.00, ,N,20251025, ,012, , 
1,10252025BLU4,290,70,0,70,410225,NL,,20251025,AMBULATORY,Revenue,USD,0,216.00, ,N,20251025, ,016, , 
1,10252025BLU4,291,70,0,70,410225,NL,,20251025,AMBULATORY,Revenue,USD,0,-763.00, ,N,20251025, ,016, , 
1,10252025BLU4,292,70,0,70,410225,NL,,20251025,AMBULATORY,Revenue,USD,0,998.00, ,N,20251025, ,018, , 
1,10252025BLU4,293,70,0,70,410225,NL,,20251025,AMBULATORY,Revenue,USD,0,-4781.00, ,N,20251025, ,018, , 
1,10252025BLU4,294,70,0,70,410225,NL,,20251025,AMBULATORY,Revenue,USD,0,390.00, ,N,20251025, ,027, , 
1,10252025BLU4,295,70,0,70,410225,NL,,20251025,AMBULATORY,Revenue,USD,0,-711.00, ,N,20251025, ,027, , 
1,10252025BLU4,296,70,0,70,410225,NL,,20251025,AMBULATORY,Revenue,USD,0,240.00, ,N,20251025, ,028, , 
1,10252025BLU4,297,70,0,70,410225,NL,,20251025,AMBULATORY,Revenue,USD,0,-240.00, ,N,20251025, ,028, , 
1,10252025BLU4,298,70,0,70,410225,NL,,20251025,AMBULATORY,Revenue,USD,0,-198.00, ,N,20251025, ,035, , 
1,10252025BLU4,299,70,0,70,410225,NL,,20251025,AMBULATORY,Revenue,USD,0,-1207.00, ,N,20251025, ,036, , 
1,10252025BLU4,300,70,0,70,410225,NL,,20251025,AMBULATORY,Revenue,USD,0,333.00, ,N,20251025, ,088, , 
1,10252025BLU4,301,70,0,70,410225,NL,,20251025,AMBULATORY,Revenue,USD,0,-414.00, ,N,20251025, ,088, , 
1,10252025BLU4,302,70,0,70,410225,NL,,20251025,AMBULATORY,Revenue,USD,0,1410.00, ,N,20251025, ,093, , 
1,10252025BLU4,303,70,0,70,410225,NL,,20251025,AMBULATORY,Revenue,USD,0,-1511.00, ,N,20251025, ,093, , 
1,10252025BLU4,304,70,0,70,410225,NL,,20251025,AMBULATORY,Revenue,USD,0,4203.00, ,N,20251025, ,500, , 
1,10252025BLU4,305,70,0,70,410225,NL,,20251025,AMBULATORY,Revenue,USD,0,-6140.00, ,N,20251025, ,500, , 
1,10252025BLU4,306,10,0,10,410230,NL,,20251025,AMBULATORY,Revenue,USD,0,534.00, ,N,20251025, ,027, , 
1,10252025BLU4,307,10,0,10,410230,NL,,20251025,AMBULATORY,Revenue,USD,0,-679.00, ,N,20251025, ,027, , 
1,10252025BLU4,308,10,0,10,410230,NL,,20251025,AMBULATORY,Revenue,USD,0,841.00, ,N,20251025, ,012, , 
1,10252025BLU4,309,10,0,10,410230,NL,,20251025,AMBULATORY,Revenue,USD,0,-541.00, ,N,20251025, ,012, , 
1,10252025BLU4,310,35,0,35,410230,NL,,20251025,AMBULATORY,Revenue,USD,0,-99.00, ,N,20251025, ,012, , 
1,10252025BLU4,311,36,0,36,410230,NL,,20251025,AMBULATORY,Revenue,USD,0,199.00, ,N,20251025, ,100, , 
1,10252025BLU4,312,36,0,36,410230,NL,,20251025,AMBULATORY,Revenue,USD,0,-575.00, ,N,20251025, ,100, , 
1,10252025BLU4,313,36,0,36,410230,NL,,20251025,AMBULATORY,Revenue,USD,0,317.00, ,N,20251025, ,150, , 
1,10252025BLU4,314,36,0,36,410230,NL,,20251025,AMBULATORY,Revenue,USD,0,-623.00, ,N,20251025, ,150, , 
1,10252025BLU4,315,36,0,36,410230,NL,,20251025,AMBULATORY,Revenue,USD,0,-201.00, ,N,20251025, ,500, , 
1,10252025BLU4,316,36,0,36,410230,NL,,20251025,AMBULATORY,Revenue,USD,0,672.00, ,N,20251025, ,555, , 
1,10252025BLU4,317,36,0,36,410230,NL,,20251025,AMBULATORY,Revenue,USD,0,-1270.00, ,N,20251025, ,555, , 
1,10252025BLU4,318,41,0,41,410230,NL,,20251025,AMBULATORY,Revenue,USD,0,3311.00, ,N,20251025, ,100, , 
1,10252025BLU4,319,41,0,41,410230,NL,,20251025,AMBULATORY,Revenue,USD,0,-6149.00, ,N,20251025, ,100, , 
1,10252025BLU4,320,60,0,60,410230,NL,,20251025,AMBULATORY,Revenue,USD,0,-782.00, ,N,20251025, ,242, , 
1,10252025BLU4,321,60,0,60,410230,NL,,20251025,AMBULATORY,Revenue,USD,0,453.00, ,N,20251025, ,999, , 
1,10252025BLU4,322,60,0,60,410230,NL,,20251025,AMBULATORY,Revenue,USD,0,-596.00, ,N,20251025, ,999, , 
1,10252025BLU4,323,60,0,60,410230,NL,,20251025,AMBULATORY,Revenue,USD,0,1300.00, ,N,20251025, ,020, , 
1,10252025BLU4,324,60,0,60,410230,NL,,20251025,AMBULATORY,Revenue,USD,0,-2630.00, ,N,20251025, ,020, , 
1,10252025BLU4,325,60,0,60,410230,NL,,20251025,AMBULATORY,Revenue,USD,0,-188.00, ,N,20251025, ,021, , 
1,10252025BLU4,326,60,0,60,410230,NL,,20251025,AMBULATORY,Revenue,USD,0,530.00, ,N,20251025, ,023, , 
1,10252025BLU4,327,60,0,60,410230,NL,,20251025,AMBULATORY,Revenue,USD,0,-530.00, ,N,20251025, ,023, , 
1,10252025BLU4,328,60,0,60,410230,NL,,20251025,AMBULATORY,Revenue,USD,0,933.00, ,N,20251025, ,040, , 
1,10252025BLU4,329,60,0,60,410230,NL,,20251025,AMBULATORY,Revenue,USD,0,-1462.00, ,N,20251025, ,040, , 
1,10252025BLU4,330,60,0,60,410230,NL,,20251025,AMBULATORY,Revenue,USD,0,-155.00, ,N,20251025, ,041, , 
1,10252025BLU4,331,60,0,60,410230,NL,,20251025,AMBULATORY,Revenue,USD,0,-673.00, ,N,20251025, ,042, , 
1,10252025BLU4,332,60,0,60,410230,NL,,20251025,AMBULATORY,Revenue,USD,0,169.00, ,N,20251025, ,043, , 
1,10252025BLU4,333,60,0,60,410230,NL,,20251025,AMBULATORY,Revenue,USD,0,-169.00, ,N,20251025, ,043, , 
1,10252025BLU4,334,70,0,70,410230,NL,,20251025,AMBULATORY,Revenue,USD,0,-244.00, ,N,20251025, ,012, , 
1,10252025BLU4,335,70,0,70,410230,NL,,20251025,AMBULATORY,Revenue,USD,0,361.00, ,N,20251025, ,016, , 
1,10252025BLU4,336,70,0,70,410230,NL,,20251025,AMBULATORY,Revenue,USD,0,-562.00, ,N,20251025, ,016, , 
1,10252025BLU4,337,70,0,70,410230,NL,,20251025,AMBULATORY,Revenue,USD,0,133.00, ,N,20251025, ,027, , 
1,10252025BLU4,338,70,0,70,410230,NL,,20251025,AMBULATORY,Revenue,USD,0,-506.00, ,N,20251025, ,027, , 
1,10252025BLU4,339,70,0,70,410230,NL,,20251025,AMBULATORY,Revenue,USD,0,151.00, ,N,20251025, ,036, , 
1,10252025BLU4,340,70,0,70,410230,NL,,20251025,AMBULATORY,Revenue,USD,0,-2436.00, ,N,20251025, ,036, , 
1,10252025BLU4,341,70,0,70,410230,NL,,20251025,AMBULATORY,Revenue,USD,0,273.00, ,N,20251025, ,088, , 
1,10252025BLU4,342,70,0,70,410230,NL,,20251025,AMBULATORY,Revenue,USD,0,-563.00, ,N,20251025, ,088, , 
1,10252025BLU4,343,70,0,70,410230,NL,,20251025,AMBULATORY,Revenue,USD,0,185.00, ,N,20251025, ,093, , 
1,10252025BLU4,344,70,0,70,410230,NL,,20251025,AMBULATORY,Revenue,USD,0,-185.00, ,N,20251025, ,093, , 
1,10252025BLU4,345,70,0,70,410230,NL,,20251025,AMBULATORY,Revenue,USD,0,741.00, ,N,20251025, ,500, , 
1,10252025BLU4,346,70,0,70,410230,NL,,20251025,AMBULATORY,Revenue,USD,0,-605.00, ,N,20251025, ,500, , 
1,10252025BLU4,347,10,0,10,410255,NL,,20251025,AMBULATORY,Revenue,USD,0,99.00, ,N,20251025, ,012, , 
1,10252025BLU4,348,10,0,10,410255,NL,,20251025,AMBULATORY,Revenue,USD,0,-679.00, ,N,20251025, ,012, , 
1,10252025BLU4,349,41,0,41,410255,NL,,20251025,AMBULATORY,Revenue,USD,0,1283.00, ,N,20251025, ,100, , 
1,10252025BLU4,350,41,0,41,410255,NL,,20251025,AMBULATORY,Revenue,USD,0,-735.00, ,N,20251025, ,100, , 
1,10252025BLU4,351,60,0,60,410255,NL,,20251025,AMBULATORY,Revenue,USD,0,133.00, ,N,20251025, ,999, , 
1,10252025BLU4,352,60,0,60,410255,NL,,20251025,AMBULATORY,Revenue,USD,0,-133.00, ,N,20251025, ,999, , 
1,10252025BLU4,353,70,0,70,410255,NL,,20251025,AMBULATORY,Revenue,USD,0,-145.00, ,N,20251025, ,036, , 
1,10252025BLU4,354,10,0,10,410265,NL,,20251025,AMBULATORY,Revenue,USD,0,389.00, ,N,20251025, ,027, , 
1,10252025BLU4,355,10,0,10,410265,NL,,20251025,AMBULATORY,Revenue,USD,0,-679.00, ,N,20251025, ,027, , 
1,10252025BLU4,356,10,0,10,410265,NL,,20251025,AMBULATORY,Revenue,USD,0,725.00, ,N,20251025, ,012, , 
1,10252025BLU4,357,10,0,10,410265,NL,,20251025,AMBULATORY,Revenue,USD,0,-1180.00, ,N,20251025, ,012, , 
1,10252025BLU4,358,35,0,35,410265,NL,,20251025,AMBULATORY,Revenue,USD,0,-5384.00, ,N,20251025, ,028, , 
1,10252025BLU4,359,35,0,35,410265,NL,,20251025,AMBULATORY,Revenue,USD,0,53.00, ,N,20251025, ,012, , 
1,10252025BLU4,360,35,0,35,410265,NL,,20251025,AMBULATORY,Revenue,USD,0,-4102.00, ,N,20251025, ,012, , 
1,10252025BLU4,361,36,0,36,410265,NL,,20251025,AMBULATORY,Revenue,USD,0,4332.00, ,N,20251025, ,100, , 
1,10252025BLU4,362,36,0,36,410265,NL,,20251025,AMBULATORY,Revenue,USD,0,-7157.00, ,N,20251025, ,100, , 
1,10252025BLU4,363,36,0,36,410265,NL,,20251025,AMBULATORY,Revenue,USD,0,133.00, ,N,20251025, ,150, , 
1,10252025BLU4,364,36,0,36,410265,NL,,20251025,AMBULATORY,Revenue,USD,0,-1434.00, ,N,20251025, ,150, , 
1,10252025BLU4,365,36,0,36,410265,NL,,20251025,AMBULATORY,Revenue,USD,0,-454.00, ,N,20251025, ,200, , 
1,10252025BLU4,366,36,0,36,410265,NL,,20251025,AMBULATORY,Revenue,USD,0,1440.00, ,N,20251025, ,500, , 
1,10252025BLU4,367,36,0,36,410265,NL,,20251025,AMBULATORY,Revenue,USD,0,-2753.00, ,N,20251025, ,500, , 
1,10252025BLU4,368,36,0,36,410265,NL,,20251025,AMBULATORY,Revenue,USD,0,2710.00, ,N,20251025, ,555, , 
1,10252025BLU4,369,36,0,36,410265,NL,,20251025,AMBULATORY,Revenue,USD,0,-3969.00, ,N,20251025, ,555, , 
1,10252025BLU4,370,41,0,41,410265,NL,,20251025,AMBULATORY,Revenue,USD,0,1675.00, ,N,20251025, ,100, , 
1,10252025BLU4,371,41,0,41,410265,NL,,20251025,AMBULATORY,Revenue,USD,0,-9303.00, ,N,20251025, ,100, , 
1,10252025BLU4,372,60,0,60,410265,NL,,20251025,AMBULATORY,Revenue,USD,0,-756.00, ,N,20251025, ,242, , 
1,10252025BLU4,373,60,0,60,410265,NL,,20251025,AMBULATORY,Revenue,USD,0,3082.00, ,N,20251025, ,999, , 
1,10252025BLU4,374,60,0,60,410265,NL,,20251025,AMBULATORY,Revenue,USD,0,-6903.00, ,N,20251025, ,999, , 
1,10252025BLU4,375,60,0,60,410265,NL,,20251025,AMBULATORY,Revenue,USD,0,3092.00, ,N,20251025, ,020, , 
1,10252025BLU4,376,60,0,60,410265,NL,,20251025,AMBULATORY,Revenue,USD,0,-5224.00, ,N,20251025, ,020, , 
1,10252025BLU4,377,60,0,60,410265,NL,,20251025,AMBULATORY,Revenue,USD,0,696.00, ,N,20251025, ,021, , 
1,10252025BLU4,378,60,0,60,410265,NL,,20251025,AMBULATORY,Revenue,USD,0,-1183.00, ,N,20251025, ,021, , 
1,10252025BLU4,379,60,0,60,410265,NL,,20251025,AMBULATORY,Revenue,USD,0,1362.00, ,N,20251025, ,023, , 
1,10252025BLU4,380,60,0,60,410265,NL,,20251025,AMBULATORY,Revenue,USD,0,-1350.00, ,N,20251025, ,023, , 
1,10252025BLU4,381,60,0,60,410265,NL,,20251025,AMBULATORY,Revenue,USD,0,3146.00, ,N,20251025, ,040, , 
1,10252025BLU4,382,60,0,60,410265,NL,,20251025,AMBULATORY,Revenue,USD,0,-4105.00, ,N,20251025, ,040, , 
1,10252025BLU4,383,60,0,60,410265,NL,,20251025,AMBULATORY,Revenue,USD,0,668.00, ,N,20251025, ,041, , 
1,10252025BLU4,384,60,0,60,410265,NL,,20251025,AMBULATORY,Revenue,USD,0,-1412.00, ,N,20251025, ,041, , 
1,10252025BLU4,385,60,0,60,410265,NL,,20251025,AMBULATORY,Revenue,USD,0,-3627.00, ,N,20251025, ,042, , 
1,10252025BLU4,386,60,0,60,410265,NL,,20251025,AMBULATORY,Revenue,USD,0,-519.00, ,N,20251025, ,043, , 
1,10252025BLU4,387,70,0,70,410265,NL,,20251025,AMBULATORY,Revenue,USD,0,201.00, ,N,20251025, ,012, , 
1,10252025BLU4,388,70,0,70,410265,NL,,20251025,AMBULATORY,Revenue,USD,0,-1215.00, ,N,20251025, ,012, , 
1,10252025BLU4,389,70,0,70,410265,NL,,20251025,AMBULATORY,Revenue,USD,0,246.00, ,N,20251025, ,016, , 
1,10252025BLU4,390,70,0,70,410265,NL,,20251025,AMBULATORY,Revenue,USD,0,-683.00, ,N,20251025, ,016, , 
1,10252025BLU4,391,70,0,70,410265,NL,,20251025,AMBULATORY,Revenue,USD,0,434.00, ,N,20251025, ,018, , 
1,10252025BLU4,392,70,0,70,410265,NL,,20251025,AMBULATORY,Revenue,USD,0,-1438.00, ,N,20251025, ,018, , 
1,10252025BLU4,393,70,0,70,410265,NL,,20251025,AMBULATORY,Revenue,USD,0,1745.00, ,N,20251025, ,027, , 
1,10252025BLU4,394,70,0,70,410265,NL,,20251025,AMBULATORY,Revenue,USD,0,-5679.00, ,N,20251025, ,027, , 
1,10252025BLU4,395,70,0,70,410265,NL,,20251025,AMBULATORY,Revenue,USD,0,837.00, ,N,20251025, ,028, , 
1,10252025BLU4,396,70,0,70,410265,NL,,20251025,AMBULATORY,Revenue,USD,0,-889.00, ,N,20251025, ,028, , 
1,10252025BLU4,397,70,0,70,410265,NL,,20251025,AMBULATORY,Revenue,USD,0,798.00, ,N,20251025, ,035, , 
1,10252025BLU4,398,70,0,70,410265,NL,,20251025,AMBULATORY,Revenue,USD,0,-1618.00, ,N,20251025, ,035, , 
1,10252025BLU4,399,70,0,70,410265,NL,,20251025,AMBULATORY,Revenue,USD,0,817.00, ,N,20251025, ,036, , 
1,10252025BLU4,400,70,0,70,410265,NL,,20251025,AMBULATORY,Revenue,USD,0,-1768.00, ,N,20251025, ,036, , 
1,10252025BLU4,401,70,0,70,410265,NL,,20251025,AMBULATORY,Revenue,USD,0,-421.00, ,N,20251025, ,086, , 
1,10252025BLU4,402,70,0,70,410265,NL,,20251025,AMBULATORY,Revenue,USD,0,-1078.00, ,N,20251025, ,088, , 
1,10252025BLU4,403,70,0,70,410265,NL,,20251025,AMBULATORY,Revenue,USD,0,1661.00, ,N,20251025, ,093, , 
1,10252025BLU4,404,70,0,70,410265,NL,,20251025,AMBULATORY,Revenue,USD,0,-3171.00, ,N,20251025, ,093, , 
1,10252025BLU4,405,70,0,70,410265,NL,,20251025,AMBULATORY,Revenue,USD,0,3216.00, ,N,20251025, ,500, , 
1,10252025BLU4,406,70,0,70,410265,NL,,20251025,AMBULATORY,Revenue,USD,0,-5301.00, ,N,20251025, ,500, , 
1,10252025BLU4,407,10,0,10,410275,NL,,20251025,AMBULATORY,Revenue,USD,0,343.00, ,N,20251025, ,027, , 
1,10252025BLU4,408,10,0,10,410275,NL,,20251025,AMBULATORY,Revenue,USD,0,-933.00, ,N,20251025, ,027, , 
1,10252025BLU4,409,10,0,10,410275,NL,,20251025,AMBULATORY,Revenue,USD,0,643.00, ,N,20251025, ,012, , 
1,10252025BLU4,410,10,0,10,410275,NL,,20251025,AMBULATORY,Revenue,USD,0,-1233.00, ,N,20251025, ,012, , 
1,10252025BLU4,411,35,0,35,410275,NL,,20251025,AMBULATORY,Revenue,USD,0,-6570.00, ,N,20251025, ,028, , 
1,10252025BLU4,412,35,0,35,410275,NL,,20251025,AMBULATORY,Revenue,USD,0,223.00, ,N,20251025, ,012, , 
1,10252025BLU4,413,35,0,35,410275,NL,,20251025,AMBULATORY,Revenue,USD,0,-6565.00, ,N,20251025, ,012, , 
1,10252025BLU4,414,36,0,36,410275,NL,,20251025,AMBULATORY,Revenue,USD,0,8797.00, ,N,20251025, ,100, , 
1,10252025BLU4,415,36,0,36,410275,NL,,20251025,AMBULATORY,Revenue,USD,0,-14005.00, ,N,20251025, ,100, , 
1,10252025BLU4,416,36,0,36,410275,NL,,20251025,AMBULATORY,Revenue,USD,0,2198.00, ,N,20251025, ,150, , 
1,10252025BLU4,417,36,0,36,410275,NL,,20251025,AMBULATORY,Revenue,USD,0,-3517.00, ,N,20251025, ,150, , 
1,10252025BLU4,418,36,0,36,410275,NL,,20251025,AMBULATORY,Revenue,USD,0,-962.00, ,N,20251025, ,200, , 
1,10252025BLU4,419,36,0,36,410275,NL,,20251025,AMBULATORY,Revenue,USD,0,2317.00, ,N,20251025, ,500, , 
1,10252025BLU4,420,36,0,36,410275,NL,,20251025,AMBULATORY,Revenue,USD,0,-3932.00, ,N,20251025, ,500, , 
1,10252025BLU4,421,36,0,36,410275,NL,,20251025,AMBULATORY,Revenue,USD,0,-590.00, ,N,20251025, ,520, , 
1,10252025BLU4,422,36,0,36,410275,NL,,20251025,AMBULATORY,Revenue,USD,0,6998.00, ,N,20251025, ,555, , 
1,10252025BLU4,423,36,0,36,410275,NL,,20251025,AMBULATORY,Revenue,USD,0,-10157.00, ,N,20251025, ,555, , 
1,10252025BLU4,424,41,0,41,410275,NL,,20251025,AMBULATORY,Revenue,USD,0,15986.00, ,N,20251025, ,100, , 
1,10252025BLU4,425,41,0,41,410275,NL,,20251025,AMBULATORY,Revenue,USD,0,-36159.00, ,N,20251025, ,100, , 
1,10252025BLU4,426,41,0,41,410275,NL,,20251025,AMBULATORY,Revenue,USD,0,-3745.00, ,N,20251025, ,200, , 
1,10252025BLU4,427,60,0,60,410275,NL,,20251025,AMBULATORY,Revenue,USD,0,822.00, ,N,20251025, ,102, , 
1,10252025BLU4,428,60,0,60,410275,NL,,20251025,AMBULATORY,Revenue,USD,0,-1617.00, ,N,20251025, ,102, , 
1,10252025BLU4,429,60,0,60,410275,NL,,20251025,AMBULATORY,Revenue,USD,0,21.00, ,N,20251025, ,242, , 
1,10252025BLU4,430,60,0,60,410275,NL,,20251025,AMBULATORY,Revenue,USD,0,-1069.00, ,N,20251025, ,242, , 
1,10252025BLU4,431,60,0,60,410275,NL,,20251025,AMBULATORY,Revenue,USD,0,6577.00, ,N,20251025, ,999, , 
1,10252025BLU4,432,60,0,60,410275,NL,,20251025,AMBULATORY,Revenue,USD,0,-13480.00, ,N,20251025, ,999, , 
1,10252025BLU4,433,60,0,60,410275,NL,,20251025,AMBULATORY,Revenue,USD,0,12060.25, ,N,20251025, ,020, , 
1,10252025BLU4,434,60,0,60,410275,NL,,20251025,AMBULATORY,Revenue,USD,0,-19258.00, ,N,20251025, ,020, , 
1,10252025BLU4,435,60,0,60,410275,NL,,20251025,AMBULATORY,Revenue,USD,0,2511.00, ,N,20251025, ,021, , 
1,10252025BLU4,436,60,0,60,410275,NL,,20251025,AMBULATORY,Revenue,USD,0,-4237.00, ,N,20251025, ,021, , 
1,10252025BLU4,437,60,0,60,410275,NL,,20251025,AMBULATORY,Revenue,USD,0,1017.00, ,N,20251025, ,023, , 
1,10252025BLU4,438,60,0,60,410275,NL,,20251025,AMBULATORY,Revenue,USD,0,-3023.00, ,N,20251025, ,023, , 
1,10252025BLU4,439,60,0,60,410275,NL,,20251025,AMBULATORY,Revenue,USD,0,6020.00, ,N,20251025, ,040, , 
1,10252025BLU4,440,60,0,60,410275,NL,,20251025,AMBULATORY,Revenue,USD,0,-11726.10, ,N,20251025, ,040, , 
1,10252025BLU4,441,60,0,60,410275,NL,,20251025,AMBULATORY,Revenue,USD,0,1721.00, ,N,20251025, ,041, , 
1,10252025BLU4,442,60,0,60,410275,NL,,20251025,AMBULATORY,Revenue,USD,0,-5267.00, ,N,20251025, ,041, , 
1,10252025BLU4,443,60,0,60,410275,NL,,20251025,AMBULATORY,Revenue,USD,0,418.00, ,N,20251025, ,042, , 
1,10252025BLU4,444,60,0,60,410275,NL,,20251025,AMBULATORY,Revenue,USD,0,-4427.00, ,N,20251025, ,042, , 
1,10252025BLU4,445,60,0,60,410275,NL,,20251025,AMBULATORY,Revenue,USD,0,524.00, ,N,20251025, ,043, , 
1,10252025BLU4,446,60,0,60,410275,NL,,20251025,AMBULATORY,Revenue,USD,0,-1718.00, ,N,20251025, ,043, , 
1,10252025BLU4,447,70,0,70,410275,NL,,20251025,AMBULATORY,Revenue,USD,0,2283.00, ,N,20251025, ,012, , 
1,10252025BLU4,448,70,0,70,410275,NL,,20251025,AMBULATORY,Revenue,USD,0,-8166.00, ,N,20251025, ,012, , 
1,10252025BLU4,449,70,0,70,410275,NL,,20251025,AMBULATORY,Revenue,USD,0,1197.00, ,N,20251025, ,016, , 
1,10252025BLU4,450,70,0,70,410275,NL,,20251025,AMBULATORY,Revenue,USD,0,-2863.00, ,N,20251025, ,016, , 
1,10252025BLU4,451,70,0,70,410275,NL,,20251025,AMBULATORY,Revenue,USD,0,2623.00, ,N,20251025, ,018, , 
1,10252025BLU4,452,70,0,70,410275,NL,,20251025,AMBULATORY,Revenue,USD,0,-9244.00, ,N,20251025, ,018, , 
1,10252025BLU4,453,70,0,70,410275,NL,,20251025,AMBULATORY,Revenue,USD,0,5395.00, ,N,20251025, ,027, , 
1,10252025BLU4,454,70,0,70,410275,NL,,20251025,AMBULATORY,Revenue,USD,0,-13246.00, ,N,20251025, ,027, , 
1,10252025BLU4,455,70,0,70,410275,NL,,20251025,AMBULATORY,Revenue,USD,0,1618.00, ,N,20251025, ,035, , 
1,10252025BLU4,456,70,0,70,410275,NL,,20251025,AMBULATORY,Revenue,USD,0,-3053.00, ,N,20251025, ,035, , 
1,10252025BLU4,457,70,0,70,410275,NL,,20251025,AMBULATORY,Revenue,USD,0,1571.00, ,N,20251025, ,036, , 
1,10252025BLU4,458,70,0,70,410275,NL,,20251025,AMBULATORY,Revenue,USD,0,-2299.00, ,N,20251025, ,036, , 
1,10252025BLU4,459,70,0,70,410275,NL,,20251025,AMBULATORY,Revenue,USD,0,470.00, ,N,20251025, ,086, , 
1,10252025BLU4,460,70,0,70,410275,NL,,20251025,AMBULATORY,Revenue,USD,0,-941.00, ,N,20251025, ,086, , 
1,10252025BLU4,461,70,0,70,410275,NL,,20251025,AMBULATORY,Revenue,USD,0,198.00, ,N,20251025, ,088, , 
1,10252025BLU4,462,70,0,70,410275,NL,,20251025,AMBULATORY,Revenue,USD,0,-1680.00, ,N,20251025, ,088, , 
1,10252025BLU4,463,70,0,70,410275,NL,,20251025,AMBULATORY,Revenue,USD,0,2665.00, ,N,20251025, ,093, , 
1,10252025BLU4,464,70,0,70,410275,NL,,20251025,AMBULATORY,Revenue,USD,0,-4622.00, ,N,20251025, ,093, , 
1,10252025BLU4,465,70,0,70,410275,NL,,20251025,AMBULATORY,Revenue,USD,0,6330.00, ,N,20251025, ,500, , 
1,10252025BLU4,466,70,0,70,410275,NL,,20251025,AMBULATORY,Revenue,USD,0,-10838.00, ,N,20251025, ,500, , 
1,10252025BLU4,467,10,0,10,410285,NL,,20251025,AMBULATORY,Revenue,USD,0,145.00, ,N,20251025, ,027, , 
1,10252025BLU4,468,10,0,10,410285,NL,,20251025,AMBULATORY,Revenue,USD,0,-145.00, ,N,20251025, ,027, , 
1,10252025BLU4,469,10,0,10,410285,NL,,20251025,AMBULATORY,Revenue,USD,0,-293.00, ,N,20251025, ,012, , 
1,10252025BLU4,470,35,0,35,410285,NL,,20251025,AMBULATORY,Revenue,USD,0,-794.00, ,N,20251025, ,028, , 
1,10252025BLU4,471,35,0,35,410285,NL,,20251025,AMBULATORY,Revenue,USD,0,99.00, ,N,20251025, ,012, , 
1,10252025BLU4,472,35,0,35,410285,NL,,20251025,AMBULATORY,Revenue,USD,0,-99.00, ,N,20251025, ,012, , 
1,10252025BLU4,473,36,0,36,410285,NL,,20251025,AMBULATORY,Revenue,USD,0,82.00, ,N,20251025, ,100, , 
1,10252025BLU4,474,36,0,36,410285,NL,,20251025,AMBULATORY,Revenue,USD,0,-282.00, ,N,20251025, ,100, , 
1,10252025BLU4,475,36,0,36,410285,NL,,20251025,AMBULATORY,Revenue,USD,0,-235.00, ,N,20251025, ,150, , 
1,10252025BLU4,476,36,0,36,410285,NL,,20251025,AMBULATORY,Revenue,USD,0,397.00, ,N,20251025, ,500, , 
1,10252025BLU4,477,36,0,36,410285,NL,,20251025,AMBULATORY,Revenue,USD,0,-300.00, ,N,20251025, ,500, , 
1,10252025BLU4,478,36,0,36,410285,NL,,20251025,AMBULATORY,Revenue,USD,0,355.00, ,N,20251025, ,555, , 
1,10252025BLU4,479,36,0,36,410285,NL,,20251025,AMBULATORY,Revenue,USD,0,-462.00, ,N,20251025, ,555, , 
1,10252025BLU4,480,41,0,41,410285,NL,,20251025,AMBULATORY,Revenue,USD,0,1085.00, ,N,20251025, ,100, , 
1,10252025BLU4,481,41,0,41,410285,NL,,20251025,AMBULATORY,Revenue,USD,0,-6067.00, ,N,20251025, ,100, , 
1,10252025BLU4,482,60,0,60,410285,NL,,20251025,AMBULATORY,Revenue,USD,0,381.00, ,N,20251025, ,999, , 
1,10252025BLU4,483,60,0,60,410285,NL,,20251025,AMBULATORY,Revenue,USD,0,-668.00, ,N,20251025, ,999, , 
1,10252025BLU4,484,60,0,60,410285,NL,,20251025,AMBULATORY,Revenue,USD,0,3221.25, ,N,20251025, ,020, , 
1,10252025BLU4,485,60,0,60,410285,NL,,20251025,AMBULATORY,Revenue,USD,0,-5127.00, ,N,20251025, ,020, , 
1,10252025BLU4,486,60,0,60,410285,NL,,20251025,AMBULATORY,Revenue,USD,0,-188.00, ,N,20251025, ,021, , 
1,10252025BLU4,487,60,0,60,410285,NL,,20251025,AMBULATORY,Revenue,USD,0,453.00, ,N,20251025, ,023, , 
1,10252025BLU4,488,60,0,60,410285,NL,,20251025,AMBULATORY,Revenue,USD,0,-670.00, ,N,20251025, ,023, , 
1,10252025BLU4,489,60,0,60,410285,NL,,20251025,AMBULATORY,Revenue,USD,0,893.00, ,N,20251025, ,040, , 
1,10252025BLU4,490,60,0,60,410285,NL,,20251025,AMBULATORY,Revenue,USD,0,-797.00, ,N,20251025, ,040, , 
1,10252025BLU4,491,60,0,60,410285,NL,,20251025,AMBULATORY,Revenue,USD,0,-5.00, ,N,20251025, ,041, , 
1,10252025BLU4,492,60,0,60,410285,NL,,20251025,AMBULATORY,Revenue,USD,0,80.00, ,N,20251025, ,043, , 
1,10252025BLU4,493,60,0,60,410285,NL,,20251025,AMBULATORY,Revenue,USD,0,-97.00, ,N,20251025, ,043, , 
1,10252025BLU4,494,70,0,70,410285,NL,,20251025,AMBULATORY,Revenue,USD,0,-99.00, ,N,20251025, ,012, , 
1,10252025BLU4,495,70,0,70,410285,NL,,20251025,AMBULATORY,Revenue,USD,0,145.00, ,N,20251025, ,016, , 
1,10252025BLU4,496,70,0,70,410285,NL,,20251025,AMBULATORY,Revenue,USD,0,-99.00, ,N,20251025, ,016, , 
1,10252025BLU4,497,70,0,70,410285,NL,,20251025,AMBULATORY,Revenue,USD,0,850.00, ,N,20251025, ,018, , 
1,10252025BLU4,498,70,0,70,410285,NL,,20251025,AMBULATORY,Revenue,USD,0,-875.00, ,N,20251025, ,018, , 
1,10252025BLU4,499,70,0,70,410285,NL,,20251025,AMBULATORY,Revenue,USD,0,1504.00, ,N,20251025, ,027, , 
1,10252025BLU4,500,70,0,70,410285,NL,,20251025,AMBULATORY,Revenue,USD,0,-1612.00, ,N,20251025, ,027, , 
1,10252025BLU4,501,70,0,70,410285,NL,,20251025,AMBULATORY,Revenue,USD,0,-99.00, ,N,20251025, ,036, , 
1,10252025BLU4,502,70,0,70,410285,NL,,20251025,AMBULATORY,Revenue,USD,0,401.00, ,N,20251025, ,093, , 
1,10252025BLU4,503,70,0,70,410285,NL,,20251025,AMBULATORY,Revenue,USD,0,-476.00, ,N,20251025, ,093, , 
1,10252025BLU4,504,70,0,70,410285,NL,,20251025,AMBULATORY,Revenue,USD,0,405.00, ,N,20251025, ,500, , 
1,10252025BLU4,505,70,0,70,410285,NL,,20251025,AMBULATORY,Revenue,USD,0,-266.00, ,N,20251025, ,500, , 
1,10252025BLU4,506,10,0,10,410295,NL,,20251025,AMBULATORY,Revenue,USD,0,198.00, ,N,20251025, ,027, , 
1,10252025BLU4,507,10,0,10,410295,NL,,20251025,AMBULATORY,Revenue,USD,0,-544.00, ,N,20251025, ,027, , 
1,10252025BLU4,508,10,0,10,410295,NL,,20251025,AMBULATORY,Revenue,USD,0,-452.00, ,N,20251025, ,012, , 
1,10252025BLU4,509,35,0,35,410295,NL,,20251025,AMBULATORY,Revenue,USD,0,188.00, ,N,20251025, ,028, , 
1,10252025BLU4,510,35,0,35,410295,NL,,20251025,AMBULATORY,Revenue,USD,0,-293.00, ,N,20251025, ,028, , 
1,10252025BLU4,511,35,0,35,410295,NL,,20251025,AMBULATORY,Revenue,USD,0,-99.00, ,N,20251025, ,012, , 
1,10252025BLU4,512,36,0,36,410295,NL,,20251025,AMBULATORY,Revenue,USD,0,-193.00, ,N,20251025, ,100, , 
1,10252025BLU4,513,36,0,36,410295,NL,,20251025,AMBULATORY,Revenue,USD,0,579.00, ,N,20251025, ,150, , 
1,10252025BLU4,514,36,0,36,410295,NL,,20251025,AMBULATORY,Revenue,USD,0,-712.00, ,N,20251025, ,150, , 
1,10252025BLU4,515,36,0,36,410295,NL,,20251025,AMBULATORY,Revenue,USD,0,-265.00, ,N,20251025, ,200, , 
1,10252025BLU4,516,36,0,36,410295,NL,,20251025,AMBULATORY,Revenue,USD,0,244.00, ,N,20251025, ,500, , 
1,10252025BLU4,517,36,0,36,410295,NL,,20251025,AMBULATORY,Revenue,USD,0,-616.00, ,N,20251025, ,500, , 
1,10252025BLU4,518,36,0,36,410295,NL,,20251025,AMBULATORY,Revenue,USD,0,-145.00, ,N,20251025, ,520, , 
1,10252025BLU4,519,36,0,36,410295,NL,,20251025,AMBULATORY,Revenue,USD,0,564.00, ,N,20251025, ,555, , 
1,10252025BLU4,520,36,0,36,410295,NL,,20251025,AMBULATORY,Revenue,USD,0,-730.00, ,N,20251025, ,555, , 
1,10252025BLU4,521,41,0,41,410295,NL,,20251025,AMBULATORY,Revenue,USD,0,188.00, ,N,20251025, ,010, , 
1,10252025BLU4,522,41,0,41,410295,NL,,20251025,AMBULATORY,Revenue,USD,0,-188.00, ,N,20251025, ,010, , 
1,10252025BLU4,523,41,0,41,410295,NL,,20251025,AMBULATORY,Revenue,USD,0,1393.00, ,N,20251025, ,100, , 
1,10252025BLU4,524,41,0,41,410295,NL,,20251025,AMBULATORY,Revenue,USD,0,-6951.00, ,N,20251025, ,100, , 
1,10252025BLU4,525,41,0,41,410295,NL,,20251025,AMBULATORY,Revenue,USD,0,326.00, ,N,20251025, ,200, , 
1,10252025BLU4,526,41,0,41,410295,NL,,20251025,AMBULATORY,Revenue,USD,0,-326.00, ,N,20251025, ,200, , 
1,10252025BLU4,527,60,0,60,410295,NL,,20251025,AMBULATORY,Revenue,USD,0,746.00, ,N,20251025, ,999, , 
1,10252025BLU4,528,60,0,60,410295,NL,,20251025,AMBULATORY,Revenue,USD,0,-1885.00, ,N,20251025, ,999, , 
1,10252025BLU4,529,60,0,60,410295,NL,,20251025,AMBULATORY,Revenue,USD,0,1742.00, ,N,20251025, ,020, , 
1,10252025BLU4,530,60,0,60,410295,NL,,20251025,AMBULATORY,Revenue,USD,0,-2395.00, ,N,20251025, ,020, , 
1,10252025BLU4,531,60,0,60,410295,NL,,20251025,AMBULATORY,Revenue,USD,0,-133.00, ,N,20251025, ,021, , 
1,10252025BLU4,532,60,0,60,410295,NL,,20251025,AMBULATORY,Revenue,USD,0,-265.00, ,N,20251025, ,040, , 
1,10252025BLU4,533,60,0,60,410295,NL,,20251025,AMBULATORY,Revenue,USD,0,133.00, ,N,20251025, ,041, , 
1,10252025BLU4,534,60,0,60,410295,NL,,20251025,AMBULATORY,Revenue,USD,0,-133.00, ,N,20251025, ,041, , 
1,10252025BLU4,535,60,0,60,410295,NL,,20251025,AMBULATORY,Revenue,USD,0,-471.00, ,N,20251025, ,043, , 
1,10252025BLU4,536,70,0,70,410295,NL,,20251025,AMBULATORY,Revenue,USD,0,-318.00, ,N,20251025, ,012, , 
1,10252025BLU4,537,70,0,70,410295,NL,,20251025,AMBULATORY,Revenue,USD,0,-145.00, ,N,20251025, ,016, , 
1,10252025BLU4,538,70,0,70,410295,NL,,20251025,AMBULATORY,Revenue,USD,0,-188.00, ,N,20251025, ,018, , 
1,10252025BLU4,539,70,0,70,410295,NL,,20251025,AMBULATORY,Revenue,USD,0,523.00, ,N,20251025, ,027, , 
1,10252025BLU4,540,70,0,70,410295,NL,,20251025,AMBULATORY,Revenue,USD,0,-656.00, ,N,20251025, ,027, , 
1,10252025BLU4,541,70,0,70,410295,NL,,20251025,AMBULATORY,Revenue,USD,0,515.00, ,N,20251025, ,028, , 
1,10252025BLU4,542,70,0,70,410295,NL,,20251025,AMBULATORY,Revenue,USD,0,-246.00, ,N,20251025, ,028, , 
1,10252025BLU4,543,70,0,70,410295,NL,,20251025,AMBULATORY,Revenue,USD,0,-201.00, ,N,20251025, ,035, , 
1,10252025BLU4,544,70,0,70,410295,NL,,20251025,AMBULATORY,Revenue,USD,0,-124.00, ,N,20251025, ,086, , 
1,10252025BLU4,545,70,0,70,410295,NL,,20251025,AMBULATORY,Revenue,USD,0,-372.00, ,N,20251025, ,088, , 
1,10252025BLU4,546,70,0,70,410295,NL,,20251025,AMBULATORY,Revenue,USD,0,376.00, ,N,20251025, ,093, , 
1,10252025BLU4,547,70,0,70,410295,NL,,20251025,AMBULATORY,Revenue,USD,0,-1711.00, ,N,20251025, ,093, , 
1,10252025BLU4,548,70,0,70,410295,NL,,20251025,AMBULATORY,Revenue,USD,0,357.00, ,N,20251025, ,500, , 
1,10252025BLU4,549,70,0,70,410295,NL,,20251025,AMBULATORY,Revenue,USD,0,-1852.00, ,N,20251025, ,500, , 
1,10252025BLU4,550,60,0,60,411210,NL,,20251025,AMBULATORY,Contra Revenue,USD,0,1135.28, ,N,20251025, ,102, , 
1,10252025BLU4,551,10,0,10,411215,NL,,20251025,AMBULATORY,Contra Revenue,USD,0,139.30, ,N,20251025, ,022, , 
1,10252025BLU4,552,10,0,10,411215,NL,,20251025,AMBULATORY,Contra Revenue,USD,0,141.24, ,N,20251025, ,027, , 
1,10252025BLU4,553,10,0,10,411215,NL,,20251025,AMBULATORY,Contra Revenue,USD,0,582.04, ,N,20251025, ,012, , 
1,10252025BLU4,554,10,0,10,411215,NL,,20251025,AMBULATORY,Contra Revenue,USD,0,-200.99, ,N,20251025, ,012, , 
1,10252025BLU4,555,35,0,35,411215,NL,,20251025,AMBULATORY,Contra Revenue,USD,0,2276.38, ,N,20251025, ,028, , 
1,10252025BLU4,556,35,0,35,411215,NL,,20251025,AMBULATORY,Contra Revenue,USD,0,-2.14, ,N,20251025, ,028, , 
1,10252025BLU4,557,35,0,35,411215,NL,,20251025,AMBULATORY,Contra Revenue,USD,0,4812.38, ,N,20251025, ,012, , 
1,10252025BLU4,558,35,0,35,411215,NL,,20251025,AMBULATORY,Contra Revenue,USD,0,-10.90, ,N,20251025, ,012, , 
1,10252025BLU4,559,36,0,36,411215,NL,,20251025,AMBULATORY,Contra Revenue,USD,0,20411.16, ,N,20251025, ,100, , 
1,10252025BLU4,560,36,0,36,411215,NL,,20251025,AMBULATORY,Contra Revenue,USD,0,-868.88, ,N,20251025, ,100, , 
1,10252025BLU4,561,36,0,36,411215,NL,,20251025,AMBULATORY,Contra Revenue,USD,0,7438.50, ,N,20251025, ,150, , 
1,10252025BLU4,562,36,0,36,411215,NL,,20251025,AMBULATORY,Contra Revenue,USD,0,-444.10, ,N,20251025, ,150, , 
1,10252025BLU4,563,36,0,36,411215,NL,,20251025,AMBULATORY,Contra Revenue,USD,0,2411.30, ,N,20251025, ,200, , 
1,10252025BLU4,564,36,0,36,411215,NL,,20251025,AMBULATORY,Contra Revenue,USD,0,-32.32, ,N,20251025, ,200, , 
1,10252025BLU4,565,36,0,36,411215,NL,,20251025,AMBULATORY,Contra Revenue,USD,0,-68.94, ,N,20251025, ,350, , 
1,10252025BLU4,566,36,0,36,411215,NL,,20251025,AMBULATORY,Contra Revenue,USD,0,51.50, ,N,20251025, ,520, , 
1,10252025BLU4,567,36,0,36,411215,NL,,20251025,AMBULATORY,Contra Revenue,USD,0,9434.83, ,N,20251025, ,555, , 
1,10252025BLU4,568,36,0,36,411215,NL,,20251025,AMBULATORY,Contra Revenue,USD,0,-398.73, ,N,20251025, ,555, , 
1,10252025BLU4,569,41,0,41,411215,NL,,20251025,AMBULATORY,Contra Revenue,USD,0,137.84, ,N,20251025, ,010, , 
1,10252025BLU4,570,41,0,41,411215,NL,,20251025,AMBULATORY,Contra Revenue,USD,0,31895.19, ,N,20251025, ,100, , 
1,10252025BLU4,571,41,0,41,411215,NL,,20251025,AMBULATORY,Contra Revenue,USD,0,-2739.57, ,N,20251025, ,100, , 
1,10252025BLU4,572,41,0,41,411215,NL,,20251025,AMBULATORY,Contra Revenue,USD,0,2493.85, ,N,20251025, ,200, , 
1,10252025BLU4,573,60,0,60,411215,NL,,20251025,AMBULATORY,Contra Revenue,USD,0,1599.39, ,N,20251025, ,102, , 
1,10252025BLU4,574,60,0,60,411215,NL,,20251025,AMBULATORY,Contra Revenue,USD,0,896.10, ,N,20251025, ,230, , 
1,10252025BLU4,575,60,0,60,411215,NL,,20251025,AMBULATORY,Contra Revenue,USD,0,-102.12, ,N,20251025, ,230, , 
1,10252025BLU4,576,60,0,60,411215,NL,,20251025,AMBULATORY,Contra Revenue,USD,0,460.55, ,N,20251025, ,241, , 
1,10252025BLU4,577,60,0,60,411215,NL,,20251025,AMBULATORY,Contra Revenue,USD,0,196.32, ,N,20251025, ,242, , 
1,10252025BLU4,578,60,0,60,411215,NL,,20251025,AMBULATORY,Contra Revenue,USD,0,-0.34, ,N,20251025, ,242, , 
1,10252025BLU4,579,60,0,60,411215,NL,,20251025,AMBULATORY,Contra Revenue,USD,0,18902.77, ,N,20251025, ,999, , 
1,10252025BLU4,580,60,0,60,411215,NL,,20251025,AMBULATORY,Contra Revenue,USD,0,-2016.79, ,N,20251025, ,999, , 
1,10252025BLU4,581,60,0,60,411215,NL,,20251025,AMBULATORY,Contra Revenue,USD,0,16361.00, ,N,20251025, ,020, , 
1,10252025BLU4,582,60,0,60,411215,NL,,20251025,AMBULATORY,Contra Revenue,USD,0,-7744.06, ,N,20251025, ,020, , 
1,10252025BLU4,583,60,0,60,411215,NL,,20251025,AMBULATORY,Contra Revenue,USD,0,3259.88, ,N,20251025, ,021, , 
1,10252025BLU4,584,60,0,60,411215,NL,,20251025,AMBULATORY,Contra Revenue,USD,0,-2135.05, ,N,20251025, ,021, , 
1,10252025BLU4,585,60,0,60,411215,NL,,20251025,AMBULATORY,Contra Revenue,USD,0,2501.76, ,N,20251025, ,023, , 
1,10252025BLU4,586,60,0,60,411215,NL,,20251025,AMBULATORY,Contra Revenue,USD,0,-1262.12, ,N,20251025, ,023, , 
1,10252025BLU4,587,60,0,60,411215,NL,,20251025,AMBULATORY,Contra Revenue,USD,0,5435.67, ,N,20251025, ,040, , 
1,10252025BLU4,588,60,0,60,411215,NL,,20251025,AMBULATORY,Contra Revenue,USD,0,-3709.75, ,N,20251025, ,040, , 
1,10252025BLU4,589,60,0,60,411215,NL,,20251025,AMBULATORY,Contra Revenue,USD,0,4311.61, ,N,20251025, ,041, , 
1,10252025BLU4,590,60,0,60,411215,NL,,20251025,AMBULATORY,Contra Revenue,USD,0,-3553.24, ,N,20251025, ,041, , 
1,10252025BLU4,591,60,0,60,411215,NL,,20251025,AMBULATORY,Contra Revenue,USD,0,2782.33, ,N,20251025, ,042, , 
1,10252025BLU4,592,60,0,60,411215,NL,,20251025,AMBULATORY,Contra Revenue,USD,0,-2057.91, ,N,20251025, ,042, , 
1,10252025BLU4,593,60,0,60,411215,NL,,20251025,AMBULATORY,Contra Revenue,USD,0,827.14, ,N,20251025, ,043, , 
1,10252025BLU4,594,60,0,60,411215,NL,,20251025,AMBULATORY,Contra Revenue,USD,0,-116.22, ,N,20251025, ,043, , 
1,10252025BLU4,595,70,0,70,411215,NL,,20251025,AMBULATORY,Contra Revenue,USD,0,7762.50, ,N,20251025, ,012, , 
1,10252025BLU4,596,70,0,70,411215,NL,,20251025,AMBULATORY,Contra Revenue,USD,0,-245.51, ,N,20251025, ,012, , 
1,10252025BLU4,597,70,0,70,411215,NL,,20251025,AMBULATORY,Contra Revenue,USD,0,324.60, ,N,20251025, ,016, , 
1,10252025BLU4,598,70,0,70,411215,NL,,20251025,AMBULATORY,Contra Revenue,USD,0,2166.63, ,N,20251025, ,018, , 
1,10252025BLU4,599,70,0,70,411215,NL,,20251025,AMBULATORY,Contra Revenue,USD,0,-1.83, ,N,20251025, ,018, , 
1,10252025BLU4,600,70,0,70,411215,NL,,20251025,AMBULATORY,Contra Revenue,USD,0,10205.70, ,N,20251025, ,027, , 
1,10252025BLU4,601,70,0,70,411215,NL,,20251025,AMBULATORY,Contra Revenue,USD,0,-267.30, ,N,20251025, ,027, , 
1,10252025BLU4,602,70,0,70,411215,NL,,20251025,AMBULATORY,Contra Revenue,USD,0,1444.67, ,N,20251025, ,028, , 
1,10252025BLU4,603,70,0,70,411215,NL,,20251025,AMBULATORY,Contra Revenue,USD,0,-1.35, ,N,20251025, ,028, , 
1,10252025BLU4,604,70,0,70,411215,NL,,20251025,AMBULATORY,Contra Revenue,USD,0,160.02, ,N,20251025, ,035, , 
1,10252025BLU4,605,70,0,70,411215,NL,,20251025,AMBULATORY,Contra Revenue,USD,0,12705.20, ,N,20251025, ,036, , 
1,10252025BLU4,606,70,0,70,411215,NL,,20251025,AMBULATORY,Contra Revenue,USD,0,2245.78, ,N,20251025, ,086, , 
1,10252025BLU4,607,70,0,70,411215,NL,,20251025,AMBULATORY,Contra Revenue,USD,0,6705.28, ,N,20251025, ,088, , 
1,10252025BLU4,608,70,0,70,411215,NL,,20251025,AMBULATORY,Contra Revenue,USD,0,-454.30, ,N,20251025, ,088, , 
1,10252025BLU4,609,70,0,70,411215,NL,,20251025,AMBULATORY,Contra Revenue,USD,0,130.76, ,N,20251025, ,090, , 
1,10252025BLU4,610,70,0,70,411215,NL,,20251025,AMBULATORY,Contra Revenue,USD,0,-95.67, ,N,20251025, ,090, , 
1,10252025BLU4,611,70,0,70,411215,NL,,20251025,AMBULATORY,Contra Revenue,USD,0,1030.74, ,N,20251025, ,091, , 
1,10252025BLU4,612,70,0,70,411215,NL,,20251025,AMBULATORY,Contra Revenue,USD,0,8099.30, ,N,20251025, ,093, , 
1,10252025BLU4,613,70,0,70,411215,NL,,20251025,AMBULATORY,Contra Revenue,USD,0,-72.92, ,N,20251025, ,093, , 
1,10252025BLU4,614,70,0,70,411215,NL,,20251025,AMBULATORY,Contra Revenue,USD,0,12612.11, ,N,20251025, ,500, , 
1,10252025BLU4,615,70,0,70,411215,NL,,20251025,AMBULATORY,Contra Revenue,USD,0,-130.81, ,N,20251025, ,500, , 
1,10252025BLU4,616,36,0,36,412255,NL,,20251025,AMBULATORY,Contra A/R,USD,0,20.00, ,N,20251025, ,000, , 
1,10252025BLU4,617,36,0,36,412255,NL,,20251025,AMBULATORY,Contra A/R,USD,0,136.66, ,N,20251025, ,100, , 
1,10252025BLU4,618,36,0,36,412255,NL,,20251025,AMBULATORY,Contra A/R,USD,0,80.00, ,N,20251025, ,150, , 
1,10252025BLU4,619,36,0,36,412255,NL,,20251025,AMBULATORY,Contra A/R,USD,0,193.60, ,N,20251025, ,200, , 
1,10252025BLU4,620,36,0,36,412255,NL,,20251025,AMBULATORY,Contra Revenue,USD,0,135.11, ,N,20251025, ,500, , 
1,10252025BLU4,621,41,0,41,412255,NL,,20251025,AMBULATORY,Contra Revenue,USD,0,239.13, ,N,20251025, ,100, , 
1,10252025BLU4,622,41,0,41,412255,NL,,20251025,AMBULATORY,Contra Revenue,USD,0,35.00, ,N,20251025, ,200, , 
1,10252025BLU4,623,60,0,60,412255,NL,,20251025,AMBULATORY,Contra A/R,USD,0,30.00, ,N,20251025, ,999, , 
1,10252025BLU4,624,60,0,60,412255,NL,,20251025,AMBULATORY,Contra A/R,USD,0,735.98, ,N,20251025, ,020, , 
1,10252025BLU4,625,60,0,60,412255,NL,,20251025,AMBULATORY,Contra A/R,USD,0,261.49, ,N,20251025, ,021, , 
1,10252025BLU4,626,60,0,60,412255,NL,,20251025,AMBULATORY,Contra A/R,USD,0,511.83, ,N,20251025, ,040, , 
1,10252025BLU4,627,60,0,60,412255,NL,,20251025,AMBULATORY,Contra A/R,USD,0,787.53, ,N,20251025, ,041, , 
1,10252025BLU4,628,60,0,60,412255,NL,,20251025,AMBULATORY,Contra A/R,USD,0,159.27, ,N,20251025, ,042, , 
1,10252025BLU4,629,60,0,60,412255,NL,,20251025,AMBULATORY,Contra A/R,USD,0,40.00, ,N,20251025, ,043, , 
1,10252025BLU4,630,70,0,70,412255,NL,,20251025,AMBULATORY,Contra A/R,USD,0,325.42, ,N,20251025, ,012, , 
1,10252025BLU4,631,70,0,70,412255,NL,,20251025,AMBULATORY,Contra A/R,USD,0,93.89, ,N,20251025, ,027, , 
1,10252025BLU4,632,70,0,70,412255,NL,,20251025,AMBULATORY,Contra A/R,USD,0,21.98, ,N,20251025, ,028, , 
1,10252025BLU4,633,70,0,70,412255,NL,,20251025,AMBULATORY,Contra A/R,USD,0,447.21, ,N,20251025, ,036, , 
1,10252025BLU4,634,70,0,70,412255,NL,,20251025,AMBULATORY,Contra A/R,USD,0,144.81, ,N,20251025, ,090, , 
1,10252025BLU4,635,36,0,36,412355,NL,,20251025,AMBULATORY,Contra A/R,USD,0,6.78, ,N,20251025, ,150, , 
1,10252025BLU4,636,36,0,36,412355,NL,,20251025,AMBULATORY,Contra A/R,USD,0,18.37, ,N,20251025, ,200, , 
1,10252025BLU4,637,41,0,41,412355,NL,,20251025,AMBULATORY,Contra Revenue,USD,0,34.43, ,N,20251025, ,100, , 
1,10252025BLU4,638,41,0,41,412355,NL,,20251025,AMBULATORY,Contra Revenue,USD,0,-92.70, ,N,20251025, ,100, , 
1,10252025BLU4,639,60,0,60,412355,NL,,20251025,AMBULATORY,Contra A/R,USD,0,5.00, ,N,20251025, ,242, , 
1,10252025BLU4,640,60,0,60,412355,NL,,20251025,AMBULATORY,Contra A/R,USD,0,6.78, ,N,20251025, ,040, , 
1,10252025BLU4,641,60,0,60,412355,NL,,20251025,AMBULATORY,Contra A/R,USD,0,29.63, ,N,20251025, ,041, , 
1,10252025BLU4,642,60,0,60,412355,NL,,20251025,AMBULATORY,Contra A/R,USD,0,27.25, ,N,20251025, ,042, , 
1,10252025BLU4,643,70,0,70,412355,NL,,20251025,AMBULATORY,Contra A/R,USD,0,19.67, ,N,20251025, ,012, , 
1,10252025BLU4,644,70,0,70,412355,NL,,20251025,AMBULATORY,Contra A/R,USD,0,15.00, ,N,20251025, ,016, , 
1,10252025BLU4,645,70,0,70,412355,NL,,20251025,AMBULATORY,Contra A/R,USD,0,21.97, ,N,20251025, ,036, , 